UTCDateTime,mac_address,firmware_ver,hardware,current_temp_f,current_humidity,current_dewpoint_f,pressure,adc,mem,rssi,uptime,pm1_0_cf_1,pm2_5_cf_1,pm10_0_cf_1,pm1_0_atm,pm2_5_atm,pm10_0_atm,pm2.5_aqi_cf_1,pm2.5_aqi_atm,p_0_3_um,p_0_5_um,p_1_0_um,p_2_5_um,p_5_0_um,p_10_0_um,pm1_0_cf_1_b,pm2_5_cf_1_b,pm10_0_cf_1_b,pm1_0_atm_b,pm2_5_atm_b,pm10_0_atm_b,pm2.5_aqi_cf_1_b,pm2.5_aqi_atm_b,p_0_3_um_b,p_0_5_um_b,p_1_0_um_b,p_2_5_um_b,p_5_0_um_b,p_10_0_um_b,gas
2021/06/03T00:01:38z,10:52:1c:41:b0:6b,6.01,2.0+OPENLOG+15485 MB+DS3231+BME280+PMSX003-B+PMSX003-A,71,55,54,1005.72,0.00,36424,0,355,5.98,8.64,11.86,5.98,8.64,11.86,36,36,1143.97,325.61,61.73,6.54,4.14,4.14,5.20,8.48,10.70,5.20,8.48,10.70,35,35,1100.46,321.11,54.29,9.11,3.61,1.64
2021/06/03T00:03:38z,10:52:1c:41:b0:6b,6.01,2.0+OPENLOG+15485 MB+DS3231+BME280+PMSX003-B+PMSX003-A,71,55,54,1005.69,0.00,36424,0,475,5.55,9.08,13.15,5.55,9.08,13.15,38,38,1186.65,328.65,61.12,13.57,6.13,2.80,5.79,8.96,10.12,5.79,8.96,10.12,37,37,1153.29,327.18,53.71,6.50,1.68,1.50
2021/06/03T00:05:38z,10:52:1c:41:b0:6b,6.01,2.0+OPENLOG+15485 MB+DS3231+BME280+PMSX003-B+PMSX003-A,71,55,54,1005.71,0.00,36392,0,595,5.49,8.12,12.91,5.49,8.12,12.91,34,34,1102.89,312.23,63.77,9.12,7.09,2.74,5.36,9.76,11.97,5.36,9.76,11.97,41,41,1047.56,307.90,59.93,13.39,3.02,2.51
2021/06/03T00:07:38z,10:52:1c:41:b0:6b,6.01,2.0+OPENLOG+15485 MB+DS3231+BME280+PMSX003-B+PMSX003-A,71,55,54,1005.68,0.00,36392,0,715,5.47,8.09,10.40,5.47,8.09,10.40,34,34,1102.36,304.98,61.00,4.44,2.87,2.76,5.55,9.12,10.69,5.55,9.12,10.69,38,38,1121.28,323.34,58.48,5.28,2.07,2.07
2021/06/03T00:09:38z,10:52:1c:41:b0:6b,6.01,2.0+OPENLOG+15485 MB+DS3231+BME280+PMSX003-B+PMSX003-A,71,55,54,1005.67,0.00,36392,0,835,5.34,8.03,9.48,5.34,8.03,9.48,33,33,1075.45,300.71,58.74,4.86,2.07,1.00,6.12,9.16,10.83,6.12,9.16,10.83,38,38,1148.28,333.69,68.10,4.72,2.14,1.76
2021/06/03T00:11:38z,10:52:1c:41:b0:6b,6.01,2.0+OPENLOG+15485 MB+DS3231+BME280+PMSX003-B+PMSX003-A,71,55,54,1005.68,0.00,36392,0,955,4.92,8.13,10.68,4.92,8.13,10.68,34,34,1054.25,292.33,59.80,7.53,3.63,2.73,6.80,10.00,11.91,6.80,10.00,11.91,42,42,1289.35,376.69,60.15,6.84,2.47,1.89
2021/06/03T00:13:38z,10:52:1c:41:b0:6b,6.01,2.0+OPENLOG+15485 MB+DS3231+BME280+PMSX003-B+PMSX003-A,71,55,54,1005.64,0.00,36392,0,1075,5.56,7.79,10.60,5.56,7.79,10.60,32,32,1057.42,299.49,59.93,4.88,3.58,3.26,6.28,9.05,10.97,6.28,9.05,10.97,38,38,1197.93,346.79,57.83,4.93,2.52,2.14
2021/06/03T00:15:38z,10:52:1c:41:b0:6b,6.01,2.0+OPENLOG+15485 MB+DS3231+BME280+PMSX003-B+PMSX003-A,71,55,54,1005.64,0.00,36392,0,1195,5.02,7.84,10.15,5.02,7.84,10.15,33,33,1005.55,278.40,57.35,5.96,2.91,2.91,5.74,8.33,10.71,5.74,8.33,10.71,35,35,1150.45,324.59,54.38,4.17,3.03,2.86
2021/06/03T00:17:35z,10:52:1c:41:b0:6b,6.01,2.0+OPENLOG+15485 MB+DS3231+BME280+PMSX003-B+PMSX003-A,71,55,54,1005.62,nan,36592,0,116,4.95,7.90,9.29,4.95,7.90,9.29,33,33,1095.71,297.93,56.10,5.14,1.95,1.48,6.10,9.60,11.45,6.10,9.60,11.45,40,40,1199.10,341.30,65.90,5.30,3.00,1.20
2021/06/03T00:19:35z,10:52:1c:41:b0:6b,6.01,2.0+OPENLOG+15485 MB+DS3231+BME280+PMSX003-B+PMSX003-A,71,56,54,1005.55,0.00,36424,0,236,4.71,7.55,9.89,4.71,7.55,9.89,31,31,1039.29,276.64,54.18,6.36,3.21,1.86,5.12,7.23,8.83,5.12,7.23,8.83,30,30,1003.20,285.40,41.47,4.40,2.00,1.53
2021/06/03T00:21:35z,10:52:1c:41:b0:6b,6.01,2.0+OPENLOG+15485 MB+DS3231+BME280+PMSX003-B+PMSX003-A,71,56,54,1005.46,0.00,36424,0,356,5.69,8.42,11.71,5.69,8.42,11.71,35,35,1123.02,306.98,59.85,7.42,4.37,4.20,6.07,9.77,10.77,6.07,9.77,10.77,41,41,1255.61,357.93,61.39,6.36,1.39,0.86
2021/06/03T00:23:35z,10:52:1c:41:b0:6b,6.01,2.0+OPENLOG+15485 MB+DS3231+BME280+PMSX003-B+PMSX003-A,71,56,54,1005.47,0.00,36424,0,476,5.33,7.64,8.71,5.33,7.64,8.71,32,32,1111.14,304.74,52.72,3.86,1.34,1.00,5.88,9.09,9.86,5.88,9.09,9.86,38,38,1174.29,341.93,59.14,3.32,1.32,0.39
2021/06/03T00:25:35z,10:52:1c:41:b0:6b,6.01,2.0+OPENLOG+15485 MB+DS3231+BME280+PMSX003-B+PMSX003-A,71,56,54,1005.40,0.00,36392,0,596,5.26,7.19,9.65,5.26,7.19,9.65,30,30,1051.00,291.09,50.26,4.77,3.09,3.09,5.90,8.53,9.88,5.90,8.53,9.88,36,36,1189.66,333.52,56.55,3.62,1.90,1.31
2021/06/03T00:27:35z,10:52:1c:41:b0:6b,6.01,2.0+OPENLOG+15485 MB+DS3231+BME280+PMSX003-B+PMSX003-A,71,56,54,1005.33,0.00,36080,0,716,5.23,7.89,11.07,5.23,7.89,11.07,33,33,1094.95,302.14,55.95,6.18,4.57,3.29,6.05,10.05,12.27,6.05,10.05,12.27,42,42,1202.14,338.75,62.03,9.56,2.78,2.44
2021/06/03T00:29:35z,10:52:1c:41:b0:6b,6.01,2.0+OPENLOG+15485 MB+DS3231+BME280+PMSX003-B+PMSX003-A,71,56,54,1005.33,0.00,36392,0,836,5.47,8.38,9.53,5.47,8.38,9.53,35,35,1066.66,304.29,55.19,3.79,1.66,1.17,6.09,9.05,10.60,6.09,9.05,10.60,38,38,1197.68,333.51,59.51,4.25,2.28,0.98
2021/06/03T00:31:35z,10:52:1c:41:b0:6b,6.01,2.0+OPENLOG+15485 MB+DS3231+BME280+PMSX003-B+PMSX003-A,71,56,54,1005.27,0.00,36392,0,956,5.15,8.15,8.73,5.15,8.15,8.73,34,34,1070.29,301.08,52.51,4.54,0.68,0.68,5.39,8.95,9.96,5.39,8.95,9.96,37,37,1108.50,315.71,58.61,5.71,1.68,0.39
2021/06/03T00:33:35z,10:52:1c:41:b0:6b,6.01,2.0+OPENLOG+15485 MB+DS3231+BME280+PMSX003-B+PMSX003-A,71,56,54,1005.27,0.00,36392,0,1076,5.70,8.32,10.12,5.70,8.32,10.12,35,35,1110.58,308.42,58.14,5.40,2.39,1.96,6.36,9.64,10.09,6.36,9.64,10.09,40,40,1222.97,346.97,57.59,3.97,0.66,0.34
2021/06/03T00:35:35z,10:52:1c:41:b0:6b,6.01,2.0+OPENLOG+15485 MB+DS3231+BME280+PMSX003-B+PMSX003-A,71,56,54,1005.16,0.00,36392,0,1196,4.96,7.91,9.57,4.96,7.91,9.57,33,33,1029.86,286.30,50.54,6.32,2.11,2.11,6.05,8.91,10.51,6.05,8.91,10.51,37,37,1183.79,338.67,48.70,4.46,2.11,1.75
2021/06/03T00:37:31z,10:52:1c:41:b0:6b,6.01,2.0+OPENLOG+15485 MB+DS3231+BME280+PMSX003-B+PMSX003-A,71,57,55,1005.10,nan,36656,0,116,5.24,8.19,9.88,5.24,8.19,9.88,34,34,1034.57,294.93,48.74,6.52,2.43,1.81,6.10,9.48,10.93,6.10,9.48,10.93,39,39,1183.65,337.55,61.50,6.20,2.15,0.80
2021/06/03T00:39:31z,10:52:1c:41:b0:6b,6.01,2.0+OPENLOG+15485 MB+DS3231+BME280+PMSX003-B+PMSX003-A,71,57,55,1005.08,0.00,36424,0,236,5.20,7.70,11.43,5.20,7.70,11.43,32,32,1123.34,310.86,58.04,7.43,5.64,1.93,6.05,9.09,11.45,6.05,9.09,11.45,38,38,1213.76,343.14,64.83,5.72,2.93,2.17
2021/06/03T00:41:31z,10:52:1c:41:b0:6b,6.01,2.0+OPENLOG+15485 MB+DS3231+BME280+PMSX003-B+PMSX003-A,71,57,55,1005.11,0.00,36424,0,356,5.47,8.24,9.83,5.47,8.24,9.83,34,34,1117.98,301.17,57.41,5.02,2.07,2.07,5.70,8.25,10.16,5.70,8.25,10.16,34,34,1185.86,338.71,51.61,4.32,2.89,1.04
2021/06/03T00:43:31z,10:52:1c:41:b0:6b,6.01,2.0+OPENLOG+15485 MB+DS3231+BME280+PMSX003-B+PMSX003-A,71,57,55,1005.18,0.00,36424,0,476,5.20,7.61,10.41,5.20,7.61,10.41,32,32,1121.03,301.85,54.86,5.56,3.83,2.54,6.32,10.20,12.98,6.32,10.20,12.98,42,42,1285.93,375.39,77.86,5.82,4.00,2.46
2021/06/03T00:45:31z,10:52:1c:41:b0:6b,6.01,2.0+OPENLOG+15485 MB+DS3231+BME280+PMSX003-B+PMSX003-A,71,57,55,1005.21,0.00,36424,0,596,5.74,8.26,12.69,5.74,8.26,12.69,34,34,1152.93,317.22,59.02,9.90,6.45,2.62,6.26,10.09,12.79,6.26,10.09,12.79,42,42,1236.72,349.41,63.38,10.55,3.76,3.07
2021/06/03T00:47:31z,10:52:1c:41:b0:6b,6.01,2.0+OPENLOG+15485 MB+DS3231+BME280+PMSX003-B+PMSX003-A,71,57,55,1005.22,0.00,36424,0,716,6.04,8.14,9.70,6.04,8.14,9.70,34,34,1142.84,319.82,49.39,4.39,2.14,2.07,6.56,9.27,11.47,6.56,9.27,11.47,39,39,1219.22,348.78,56.10,6.27,2.41,2.37
2021/06/03T00:49:31z,10:52:1c:41:b0:6b,6.01,2.0+OPENLOG+15485 MB+DS3231+BME280+PMSX003-B+PMSX003-A,71,57,55,1005.20,0.00,36424,0,836,4.91,7.21,10.81,4.91,7.21,10.81,30,30,1027.42,284.96,52.35,8.49,5.58,1.79,6.29,9.97,11.09,6.29,9.97,11.09,42,42,1234.14,356.72,59.21,7.83,1.69,1.00
2021/06/03T00:51:31z,10:52:1c:41:b0:6b,6.01,2.0+OPENLOG+15485 MB+DS3231+BME280+PMSX003-B+PMSX003-A,71,57,55,1005.13,0.00,36424,0,956,5.26,8.32,12.00,5.26,8.32,12.00,35,35,1140.89,305.93,62.26,8.84,5.40,2.07,6.67,9.58,10.89,6.67,9.58,10.89,40,40,1307.35,367.13,53.53,4.44,1.49,1.49
2021/06/03T00:53:31z,10:52:1c:41:b0:6b,6.01,2.0+OPENLOG+15485 MB+DS3231+BME280+PMSX003-B+PMSX003-A,71,57,55,1005.13,0.00,36424,0,1076,5.16,8.05,9.36,5.16,8.05,9.36,34,34,1134.62,314.67,57.83,4.17,1.59,1.59,6.14,9.34,11.50,6.14,9.34,11.50,39,39,1201.45,337.24,60.45,7.24,2.86,2.86
2021/06/03T00:55:31z,10:52:1c:41:b0:6b,6.01,2.0+OPENLOG+15485 MB+DS3231+BME280+PMSX003-B+PMSX003-A,71,57,55,1005.15,0.00,36424,0,1196,5.85,8.40,11.89,5.85,8.40,11.89,35,35,1180.80,329.91,64.76,6.84,5.45,2.15,6.39,10.96,12.30,6.39,10.96,12.30,46,46,1186.74,348.77,66.56,12.63,1.82,1.47
2021/06/03T00:57:27z,10:52:1c:41:b0:6b,6.01,2.0+OPENLOG+15485 MB+DS3231+BME280+PMSX003-B+PMSX003-A,70,57,54,1005.26,nan,36656,0,115,4.86,8.17,10.57,4.86,8.17,10.57,34,34,1020.93,286.69,53.60,7.48,3.52,2.33,6.10,8.87,9.46,6.10,8.87,9.46,37,37,1195.54,334.72,58.92,3.38,0.51,0.51
2021/06/03T00:59:27z,10:52:1c:41:b0:6b,6.01,2.0+OPENLOG+15485 MB+DS3231+BME280+PMSX003-B+PMSX003-A,70,57,54,1005.20,0.00,36424,0,235,4.80,7.51,9.67,4.80,7.51,9.67,31,31,1080.65,290.20,50.11,6.44,3.02,2.62,6.07,9.05,11.22,6.07,9.05,11.22,38,38,1154.60,332.07,58.43,6.70,3.17,1.43
2021/06/03T01:01:27z,10:52:1c:41:b0:6b,6.01,2.0+OPENLOG+15485 MB+DS3231+BME280+PMSX003-B+PMSX003-A,70,57,54,1005.32,0.00,36424,0,355,4.97,7.47,8.81,4.97,7.47,8.81,31,31,1053.97,285.00,55.68,2.98,1.66,1.66,5.45,8.71,9.46,5.45,8.71,9.46,36,36,1136.25,322.96,58.07,3.89,1.21,0.32
2021/06/03T01:03:27z,10:52:1c:41:b0:6b,6.01,2.0+OPENLOG+15485 MB+DS3231+BME280+PMSX003-B+PMSX003-A,70,57,54,1005.29,0.00,36424,0,475,5.85,8.27,9.46,5.85,8.27,9.46,34,34,1118.85,305.69,52.44,4.24,1.49,1.49,6.02,9.32,10.44,6.02,9.32,10.44,39,39,1218.11,345.23,59.68,5.68,1.65,0.81
2021/06/03T01:05:27z,10:52:1c:41:b0:6b,6.01,2.0+OPENLOG+15485 MB+DS3231+BME280+PMSX003-B+PMSX003-A,70,58,54,1005.30,0.00,36424,0,595,5.25,8.61,12.25,5.25,8.61,12.25,36,36,1081.11,300.11,72.44,9.65,5.54,1.68,5.88,9.81,11.34,5.88,9.81,11.34,41,41,1193.79,335.55,58.72,8.38,2.28,1.76
2021/06/03T01:07:27z,10:52:1c:41:b0:6b,6.01,2.0+OPENLOG+15485 MB+DS3231+BME280+PMSX003-B+PMSX003-A,70,58,54,1005.32,0.00,36424,0,715,4.98,7.51,7.76,4.98,7.51,7.76,31,31,1013.67,280.35,47.45,3.78,0.51,0.00,5.98,10.47,11.58,5.98,10.47,11.58,44,44,1220.80,348.00,67.40,10.80,1.83,0.67
2021/06/03T01:09:27z,10:52:1c:41:b0:6b,6.01,2.0+OPENLOG+15485 MB+DS3231+BME280+PMSX003-B+PMSX003-A,70,58,54,1005.34,0.00,36112,0,835,5.44,7.82,8.79,5.44,7.82,8.79,33,33,1098.74,307.63,51.46,4.00,1.51,0.77,6.28,9.07,10.16,6.28,9.07,10.16,38,38,1219.05,353.19,56.18,3.65,1.26,0.46
2021/06/03T01:11:27z,10:52:1c:41:b0:6b,6.01,2.0+OPENLOG+15485 MB+DS3231+BME280+PMSX003-B+PMSX003-A,70,58,54,1005.30,0.00,36424,0,955,5.38,8.24,9.95,5.38,8.24,9.95,34,34,1140.98,314.17,53.22,4.90,2.34,2.31,6.02,9.82,11.80,6.02,9.82,11.80,41,41,1196.25,342.18,60.43,6.71,3.07,1.61
2021/06/03T01:13:27z,10:52:1c:41:b0:6b,6.01,2.0+OPENLOG+15485 MB+DS3231+BME280+PMSX003-B+PMSX003-A,70,58,54,1005.34,0.00,36424,0,1075,5.34,8.07,10.74,5.34,8.07,10.74,34,34,1092.00,303.95,66.02,6.00,3.69,2.83,6.70,9.45,11.89,6.70,9.45,11.89,39,39,1257.86,361.36,56.32,6.14,3.32,2.54
2021/06/03T01:15:27z,10:52:1c:41:b0:6b,6.01,2.0+OPENLOG+15485 MB+DS3231+BME280+PMSX003-B+PMSX003-A,70,58,54,1005.37,0.00,36424,0,1195,5.37,7.60,9.89,5.37,7.60,9.89,32,32,1105.11,305.44,52.11,4.60,2.91,2.91,6.50,9.79,11.12,6.50,9.79,11.12,41,41,1216.76,353.10,63.00,6.45,2.00,1.52
2021/06/03T01:17:23z,10:52:1c:41:b0:6b,6.01,2.0+OPENLOG+15485 MB+DS3231+BME280+PMSX003-B+PMSX003-A,70,58,54,1005.42,nan,36656,0,115,5.79,8.77,10.47,5.79,8.77,10.47,37,37,1170.07,337.53,61.81,4.28,2.28,2.28,6.92,9.90,10.87,6.92,9.90,10.87,41,41,1285.69,369.28,58.92,4.67,1.79,0.00
2021/06/03T01:19:23z,10:52:1c:41:b0:6b,6.01,2.0+OPENLOG+15485 MB+DS3231+BME280+PMSX003-B+PMSX003-A,70,58,55,1005.43,0.00,36424,0,235,5.67,9.04,13.07,5.67,9.04,13.07,38,38,1146.60,317.64,65.87,9.60,6.18,1.93,6.64,9.95,12.43,6.64,9.95,12.43,41,41,1272.62,368.38,62.62,5.24,3.41,2.24
2021/06/03T01:21:23z,10:52:1c:41:b0:6b,6.01,2.0+OPENLOG+15485 MB+DS3231+BME280+PMSX003-B+PMSX003-A,70,59,55,1005.52,0.00,36424,0,355,5.40,8.52,10.03,5.40,8.52,10.03,35,35,1142.69,314.48,62.16,5.41,2.24,1.90,6.44,10.05,11.18,6.44,10.05,11.18,42,42,1259.89,362.95,71.44,4.46,1.54,0.70
2021/06/03T01:23:23z,10:52:1c:41:b0:6b,6.01,2.0+OPENLOG+15485 MB+DS3231+BME280+PMSX003-B+PMSX003-A,70,59,55,1005.53,0.00,36424,0,475,5.80,8.95,12.42,5.80,8.95,12.42,37,37,1157.05,321.95,63.43,9.03,5.40,1.73,6.07,9.65,10.45,6.07,9.65,10.45,40,40,1182.55,343.09,60.91,5.09,1.16,0.80
2021/06/03T01:25:23z,10:52:1c:41:b0:6b,6.01,2.0+OPENLOG+15485 MB+DS3231+BME280+PMSX003-B+PMSX003-A,70,59,55,1005.50,0.00,36424,0,595,5.24,8.58,9.64,5.24,8.58,9.64,36,36,1100.19,307.14,66.44,2.95,1.46,1.46,6.64,9.53,11.02,6.64,9.53,11.02,40,40,1208.34,351.25,70.85,3.05,2.00,1.83
2021/06/03T01:27:23z,10:52:1c:41:b0:6b,6.01,2.0+OPENLOG+15485 MB+DS3231+BME280+PMSX003-B+PMSX003-A,69,59,54,1005.47,0.00,36424,0,715,5.23,8.32,11.54,5.23,8.32,11.54,35,35,1147.66,320.54,67.36,6.36,4.18,3.96,5.76,8.90,11.64,5.76,8.90,11.64,37,37,1162.24,337.28,58.97,8.72,3.79,2.52
2021/06/03T01:29:23z,10:52:1c:41:b0:6b,6.01,2.0+OPENLOG+15485 MB+DS3231+BME280+PMSX003-B+PMSX003-A,69,59,54,1005.56,0.00,36424,0,835,5.40,8.72,10.57,5.40,8.72,10.57,36,36,1155.21,318.84,60.67,4.90,2.55,2.24,6.42,9.33,11.86,6.42,9.33,11.86,39,39,1225.37,360.32,62.07,5.33,3.58,2.25
2021/06/03T01:31:23z,10:52:1c:41:b0:6b,6.01,2.0+OPENLOG+15485 MB+DS3231+BME280+PMSX003-B+PMSX003-A,69,59,54,1005.57,0.00,36424,0,955,5.85,8.44,9.36,5.85,8.44,9.36,35,35,1154.29,319.37,52.61,2.95,1.19,1.19,6.55,10.49,12.36,6.55,10.49,12.36,44,44,1307.78,380.51,69.38,5.75,2.87,1.60
2021/06/03T01:33:23z,10:52:1c:41:b0:6b,6.01,2.0+OPENLOG+15485 MB+DS3231+BME280+PMSX003-B+PMSX003-A,69,59,54,1005.63,0.00,36112,0,1075,5.15,8.59,11.36,5.15,8.59,11.36,36,36,1163.29,314.20,59.51,9.15,4.64,1.39,6.14,9.16,10.36,6.14,9.16,10.36,38,38,1204.03,346.72,61.17,2.72,1.69,1.17
2021/06/03T01:35:23z,10:52:1c:41:b0:6b,6.01,2.0+OPENLOG+15485 MB+DS3231+BME280+PMSX003-B+PMSX003-A,69,59,54,1005.62,0.00,36424,0,1195,5.36,8.86,13.91,5.36,8.86,13.91,37,37,1208.14,330.21,71.75,11.21,6.79,5.32,6.28,9.79,11.55,6.28,9.79,11.55,41,41,1261.66,353.55,62.48,6.97,2.52,1.72
2021/06/03T01:37:19z,10:52:1c:41:b0:6b,6.01,2.0+OPENLOG+15485 MB+DS3231+BME280+PMSX003-B+PMSX003-A,69,59,54,1005.65,nan,36656,0,115,5.21,7.65,9.91,5.21,7.65,9.91,32,32,1110.84,301.70,52.53,6.37,3.49,1.58,5.62,9.10,10.85,5.62,9.10,10.85,38,38,1196.55,342.10,61.55,5.55,2.40,1.80
2021/06/03T01:39:19z,10:52:1c:41:b0:6b,6.01,2.0+OPENLOG+15485 MB+DS3231+BME280+PMSX003-B+PMSX003-A,69,58,54,1005.75,0.00,36424,0,235,5.65,8.69,11.20,5.65,8.69,11.20,36,36,1141.69,318.67,65.18,5.27,3.02,3.02,6.49,9.76,11.81,6.49,9.76,11.81,41,41,1272.00,364.54,65.42,5.25,2.92,2.54
2021/06/03T01:41:19z,10:52:1c:41:b0:6b,6.01,2.0+OPENLOG+15485 MB+DS3231+BME280+PMSX003-B+PMSX003-A,69,58,53,1005.82,0.00,36112,0,355,5.34,7.60,10.29,5.34,7.60,10.29,32,32,1114.81,302.81,53.90,5.34,3.69,2.59,5.77,9.77,12.82,5.77,9.77,12.82,41,41,1174.74,341.93,69.79,11.12,4.32,2.70
2021/06/03T01:43:19z,10:52:1c:41:b0:6b,6.01,2.0+OPENLOG+15485 MB+DS3231+BME280+PMSX003-B+PMSX003-A,69,58,54,1006.03,0.00,36424,0,475,5.66,8.49,11.78,5.66,8.49,11.78,35,35,1135.47,318.05,56.51,6.64,4.31,4.31,6.73,10.12,12.09,6.73,10.12,12.09,42,42,1258.93,361.32,59.07,8.07,2.71,2.36
2021/06/03T01:45:19z,10:52:1c:41:b0:6b,6.01,2.0+OPENLOG+15485 MB+DS3231+BME280+PMSX003-B+PMSX003-A,69,58,54,1005.82,0.00,36392,0,595,5.56,8.32,12.19,5.56,8.32,12.19,35,35,1190.95,329.88,64.72,8.21,5.89,2.42,6.71,10.71,11.90,6.71,10.71,11.90,45,45,1280.17,375.31,66.72,6.83,1.97,0.90
2021/06/03T01:47:19z,10:52:1c:41:b0:6b,6.01,2.0+OPENLOG+15485 MB+DS3231+BME280+PMSX003-B+PMSX003-A,69,59,54,1005.84,0.00,35456,0,715,5.91,8.46,10.46,5.91,8.46,10.46,35,35,1198.58,322.81,55.23,4.28,2.81,1.96,6.79,10.47,11.74,6.79,10.47,11.74,44,44,1303.55,375.59,65.28,4.59,1.86,0.90
2021/06/03T01:49:19z,10:52:1c:41:b0:6b,6.01,2.0+OPENLOG+15485 MB+DS3231+BME280+PMSX003-B+PMSX003-A,69,59,54,1005.84,0.00,36392,0,835,6.02,8.50,10.69,6.02,8.50,10.69,35,35,1155.78,319.66,59.31,5.31,3.07,2.14,6.44,10.39,12.30,6.44,10.39,12.30,43,43,1259.05,362.14,68.91,7.33,2.70,2.14
2021/06/03T01:51:19z,10:52:1c:41:b0:6b,6.01,2.0+OPENLOG+15485 MB+DS3231+BME280+PMSX003-B+PMSX003-A,69,59,54,1005.82,0.00,36392,0,955,5.61,8.98,10.29,5.61,8.98,10.29,37,37,1138.53,312.08,68.19,5.93,1.76,1.76,6.34,10.18,12.91,6.34,10.18,12.91,42,42,1245.54,353.57,67.68,8.39,3.64,2.79
2021/06/03T01:53:19z,10:52:1c:41:b0:6b,6.01,2.0+OPENLOG+15485 MB+DS3231+BME280+PMSX003-B+PMSX003-A,69,59,54,1005.91,0.00,35144,0,1075,5.46,8.12,12.28,5.46,8.12,12.28,34,34,1092.21,307.32,59.16,8.63,6.46,1.79,6.14,10.78,13.02,6.14,10.78,13.02,45,45,1213.14,355.45,72.90,11.83,2.79,1.93
2021/06/03T01:55:19z,10:52:1c:41:b0:6b,6.01,2.0+OPENLOG+15485 MB+DS3231+BME280+PMSX003-B+PMSX003-A,69,59,54,1005.90,0.00,36392,0,1195,6.62,10.55,12.35,6.62,10.55,12.35,44,44,1300.69,367.98,75.31,6.62,2.36,2.36,6.77,10.35,11.75,6.77,10.35,11.75,43,43,1313.68,382.04,67.96,7.09,1.93,1.51
2021/06/03T01:57:15z,10:52:1c:41:b0:6b,6.01,2.0+OPENLOG+15485 MB+DS3231+BME280+PMSX003-B+PMSX003-A,69,59,54,1005.89,nan,36656,0,115,4.74,7.81,8.79,4.74,7.81,8.79,33,33,1047.64,285.43,54.81,4.14,1.57,0.90,6.50,9.45,9.95,6.50,9.45,9.95,39,39,1243.05,353.05,58.60,3.15,0.70,0.00
2021/06/03T01:59:15z,10:52:1c:41:b0:6b,6.01,2.0+OPENLOG+15485 MB+DS3231+BME280+PMSX003-B+PMSX003-A,68,59,53,1004.51,0.00,36424,0,235,6.02,9.29,10.55,6.02,9.29,10.55,39,39,1174.93,328.88,66.95,5.57,1.82,1.82,6.07,10.09,11.75,6.07,10.09,11.75,42,42,1256.42,357.40,68.74,7.16,2.63,0.98
2021/06/03T02:01:15z,10:52:1c:41:b0:6b,6.01,2.0+OPENLOG+15485 MB+DS3231+BME280+PMSX003-B+PMSX003-A,69,59,54,1005.86,0.00,36392,0,355,5.47,9.42,10.35,5.47,9.42,10.35,39,39,1166.65,323.48,66.75,5.37,1.23,1.23,6.25,10.60,12.04,6.25,10.60,12.04,44,44,1236.84,353.33,69.82,7.68,2.18,1.16
2021/06/03T02:03:15z,10:52:1c:41:b0:6b,6.01,2.0+OPENLOG+15485 MB+DS3231+BME280+PMSX003-B+PMSX003-A,69,59,54,1005.83,0.00,36080,0,475,5.61,8.03,9.68,5.61,8.03,9.68,33,33,1151.90,314.95,62.10,3.46,2.37,1.90,6.11,9.86,10.98,6.11,9.86,10.98,41,41,1204.42,350.77,69.79,5.79,1.30,0.88
2021/06/03T02:05:15z,10:52:1c:41:b0:6b,6.01,2.0+OPENLOG+15485 MB+DS3231+BME280+PMSX003-B+PMSX003-A,69,59,54,1005.83,0.00,36392,0,595,6.16,8.23,11.37,6.16,8.23,11.37,34,34,1211.32,329.74,54.54,6.60,4.25,3.26,6.26,9.09,12.14,6.26,9.09,12.14,38,38,1209.79,354.56,66.42,7.33,4.04,3.40
2021/06/03T02:07:15z,10:52:1c:41:b0:6b,6.01,2.0+OPENLOG+15485 MB+DS3231+BME280+PMSX003-B+PMSX003-A,69,59,54,1005.84,0.00,36392,0,715,5.82,8.39,9.70,5.82,8.39,9.70,35,35,1165.82,317.45,56.66,3.39,1.93,1.39,6.19,10.47,11.88,6.19,10.47,11.88,44,44,1239.72,352.90,61.72,9.97,2.17,0.59
2021/06/03T02:09:15z,10:52:1c:41:b0:6b,6.01,2.0+OPENLOG+15485 MB+DS3231+BME280+PMSX003-B+PMSX003-A,69,59,54,1005.81,0.00,36392,0,835,5.73,8.58,11.83,5.73,8.58,11.83,36,36,1158.05,324.20,66.20,4.98,4.17,4.17,5.79,9.07,9.44,5.79,9.07,9.44,38,38,1178.21,340.91,61.79,3.54,0.53,0.39
2021/06/03T02:11:15z,10:52:1c:41:b0:6b,6.01,2.0+OPENLOG+15485 MB+DS3231+BME280+PMSX003-B+PMSX003-A,69,59,54,1005.80,0.00,36392,0,955,5.78,8.05,10.34,5.78,8.05,10.34,34,34,1155.26,317.60,47.72,4.69,3.24,3.24,6.42,10.55,11.45,6.42,10.55,11.45,44,44,1274.62,358.40,63.56,9.60,1.31,0.91
2021/06/03T02:13:15z,10:52:1c:41:b0:6b,6.01,2.0+OPENLOG+15485 MB+DS3231+BME280+PMSX003-B+PMSX003-A,69,59,54,1005.86,0.00,36080,0,1075,5.90,8.64,11.71,5.90,8.64,11.71,36,36,1179.57,330.07,65.98,5.83,3.97,3.86,6.52,9.66,12.07,6.52,9.66,12.07,40,40,1232.28,357.07,68.55,7.41,3.17,2.31
2021/06/03T02:15:15z,10:52:1c:41:b0:6b,6.01,2.0+OPENLOG+15485 MB+DS3231+BME280+PMSX003-B+PMSX003-A,69,59,54,1005.98,0.00,36392,0,1195,6.22,8.75,10.27,6.22,8.75,10.27,36,36,1275.33,352.55,58.58,4.22,2.18,1.82,6.69,9.92,11.07,6.69,9.92,11.07,41,41,1249.93,366.34,66.31,5.05,1.83,0.81
2021/06/03T02:17:12z,10:52:1c:41:b0:6b,6.01,2.0+OPENLOG+15485 MB+DS3231+BME280+PMSX003-B+PMSX003-A,69,59,54,1005.90,nan,36656,0,116,6.23,9.37,14.84,6.23,9.37,14.84,39,39,1263.07,345.33,68.98,11.07,8.60,3.40,6.64,10.59,13.28,6.64,10.59,13.28,44,44,1277.38,363.44,74.51,9.44,3.90,2.56
2021/06/03T02:19:12z,10:52:1c:41:b0:6b,6.01,2.0+OPENLOG+15485 MB+DS3231+BME280+PMSX003-B+PMSX003-A,69,59,54,1005.93,0.00,36424,0,236,6.00,9.11,11.46,6.07,9.11,11.46,38,38,1182.05,327.93,63.02,5.09,3.09,2.67,6.67,10.84,12.53,6.67,10.84,12.53,45,45,1341.05,385.37,65.26,9.33,2.60,1.19
2021/06/03T02:21:12z,10:52:1c:41:b0:6b,6.01,2.0+OPENLOG+15485 MB+DS3231+BME280+PMSX003-B+PMSX003-A,69,58,53,1005.92,0.00,36424,0,356,5.47,7.60,8.72,5.47,7.60,8.72,32,32,1078.29,296.52,49.09,2.79,1.69,1.17,6.07,9.29,11.45,6.07,9.29,11.45,39,39,1188.98,345.42,61.78,5.53,3.05,2.22
2021/06/03T02:23:12z,10:52:1c:41:b0:6b,6.01,2.0+OPENLOG+15485 MB+DS3231+BME280+PMSX003-B+PMSX003-A,69,58,53,1005.94,0.00,36424,0,476,5.83,8.75,10.97,5.83,8.75,10.97,36,36,1111.47,312.63,57.05,7.42,3.15,2.51,6.21,9.93,12.48,6.21,9.93,12.48,41,41,1277.57,363.50,68.46,7.00,3.61,2.32
2021/06/03T02:25:12z,10:52:1c:41:b0:6b,6.01,2.0+OPENLOG+15485 MB+DS3231+BME280+PMSX003-B+PMSX003-A,69,58,53,1005.90,0.00,36424,0,596,6.12,9.03,10.81,6.12,9.03,10.81,38,38,1182.47,327.83,63.60,6.17,2.79,1.10,6.78,10.58,12.39,6.78,10.58,12.39,44,44,1340.54,386.07,66.88,7.15,2.92,0.78
2021/06/03T02:27:12z,10:52:1c:41:b0:6b,6.01,2.0+OPENLOG+15485 MB+DS3231+BME280+PMSX003-B+PMSX003-A,69,58,53,1005.95,0.00,36424,0,716,5.61,8.77,9.51,5.61,8.77,9.51,37,37,1205.84,327.32,67.51,3.26,0.98,0.98,6.51,10.18,13.11,6.51,10.18,13.11,42,42,1310.84,370.74,68.95,10.18,4.11,2.63
2021/06/03T02:29:12z,10:52:1c:41:b0:6b,6.01,2.0+OPENLOG+15485 MB+DS3231+BME280+PMSX003-B+PMSX003-A,69,58,53,1005.96,0.00,36424,0,836,6.61,10.11,10.81,6.61,10.11,10.81,42,42,1344.58,372.11,60.47,4.11,0.91,0.91,6.26,8.98,11.21,6.26,8.98,11.21,37,37,1222.24,347.41,56.76,5.14,3.10,2.21
2021/06/03T02:31:12z,10:52:1c:41:b0:6b,6.01,2.0+OPENLOG+15485 MB+DS3231+BME280+PMSX003-B+PMSX003-A,69,58,53,1006.01,0.00,36424,0,956,6.54,9.95,13.63,6.54,9.95,13.63,41,41,1285.02,352.76,63.07,9.80,4.68,4.27,7.11,10.04,13.59,7.11,10.04,13.59,42,42,1291.07,375.43,61.46,9.46,5.18,3.32
2021/06/03T02:33:12z,10:52:1c:41:b0:6b,6.01,2.0+OPENLOG+15485 MB+DS3231+BME280+PMSX003-B+PMSX003-A,69,58,53,1006.04,0.00,36424,0,1076,6.88,9.76,12.78,6.88,9.76,12.78,41,41,1311.00,360.46,68.20,6.10,3.80,3.80,6.54,10.02,11.60,6.54,10.02,11.60,42,42,1295.47,367.51,67.02,5.47,2.11,1.75
2021/06/03T02:35:12z,10:52:1c:41:b0:6b,6.01,2.0+OPENLOG+15485 MB+DS3231+BME280+PMSX003-B+PMSX003-A,69,57,53,1006.02,0.00,36112,0,1196,5.74,8.79,11.65,5.74,8.79,11.65,37,37,1169.89,319.58,57.11,7.79,3.93,3.68,6.85,10.12,12.02,6.85,10.12,12.02,42,42,1321.02,380.78,75.42,4.10,2.31,2.31
2021/06/03T02:37:08z,10:52:1c:41:b0:6b,6.01,2.0+OPENLOG+15485 MB+DS3231+BME280+PMSX003-B+PMSX003-A,69,57,53,1006.00,nan,36656,0,115,6.00,9.29,11.67,6.00,9.29,11.67,39,39,1176.57,327.00,64.90,8.33,3.00,2.95,6.32,10.00,11.25,6.32,10.00,11.25,42,42,1306.50,364.55,70.80,6.80,2.20,0.30
2021/06/03T02:39:08z,10:52:1c:41:b0:6b,6.01,2.0+OPENLOG+15485 MB+DS3231+BME280+PMSX003-B+PMSX003-A,69,57,53,1006.05,0.00,36424,0,235,6.27,8.98,14.35,6.27,8.98,14.35,37,37,1186.04,333.64,67.76,11.02,8.11,3.67,6.73,10.49,11.98,6.73,10.49,11.98,44,44,1311.66,378.37,66.34,8.17,2.07,1.59
2021/06/03T02:41:08z,10:52:1c:41:b0:6b,6.01,2.0+OPENLOG+15485 MB+DS3231+BME280+PMSX003-B+PMSX003-A,69,57,53,1006.10,0.00,36424,0,355,6.43,9.60,11.59,6.43,9.60,11.59,40,40,1321.97,367.48,64.45,7.00,2.79,2.34,6.53,9.46,11.46,6.53,9.46,11.46,39,39,1296.95,368.04,60.07,5.54,3.23,0.81
2021/06/03T02:43:08z,10:52:1c:41:b0:6b,6.01,2.0+OPENLOG+15485 MB+DS3231+BME280+PMSX003-B+PMSX003-A,69,57,53,1006.09,0.00,36424,0,475,6.60,9.55,11.33,6.60,9.55,11.33,40,40,1270.03,347.97,59.98,6.90,2.41,2.41,6.89,10.64,12.82,6.89,10.64,12.82,44,44,1299.96,372.39,70.25,9.93,3.14,2.68
2021/06/03T02:45:08z,10:52:1c:41:b0:6b,6.01,2.0+OPENLOG+15485 MB+DS3231+BME280+PMSX003-B+PMSX003-A,69,57,53,1006.08,0.00,36424,0,595,6.53,9.35,10.25,6.53,9.35,10.25,39,39,1270.63,358.74,66.70,3.58,1.37,0.95,7.33,10.41,11.72,7.33,10.41,11.72,43,43,1361.69,394.69,65.10,4.41,1.83,1.41
2021/06/03T02:47:08z,10:52:1c:41:b0:6b,6.01,2.0+OPENLOG+15485 MB+DS3231+BME280+PMSX003-B+PMSX003-A,69,57,53,1006.02,0.00,36112,0,715,6.51,9.07,12.42,6.51,9.07,12.42,38,38,1251.00,350.46,62.33,6.63,4.25,3.86,6.63,9.81,11.47,6.63,9.81,11.47,41,41,1299.05,367.46,66.81,4.47,2.17,1.73
2021/06/03T02:49:08z,10:52:1c:41:b0:6b,6.01,2.0+OPENLOG+15485 MB+DS3231+BME280+PMSX003-B+PMSX003-A,69,57,53,1006.06,0.00,36424,0,835,6.81,9.48,11.81,6.81,9.48,11.81,40,40,1291.50,361.38,62.45,5.83,3.41,2.52,6.39,10.59,11.93,6.39,10.59,11.93,44,44,1272.75,355.57,65.36,8.54,1.75,1.21
2021/06/03T02:51:08z,10:52:1c:41:b0:6b,6.01,2.0+OPENLOG+15485 MB+DS3231+BME280+PMSX003-B+PMSX003-A,69,57,53,1006.06,0.00,36424,0,955,6.50,9.78,13.09,6.50,9.78,13.09,41,41,1351.71,372.34,66.52,8.07,4.34,4.00,7.07,10.55,12.31,7.07,10.55,12.31,44,44,1355.89,392.33,66.55,4.04,2.62,1.78
2021/06/03T02:53:08z,10:52:1c:41:b0:6b,6.01,2.0+OPENLOG+15485 MB+DS3231+BME280+PMSX003-B+PMSX003-A,70,57,54,1006.08,0.00,36424,0,1075,6.53,9.22,10.21,6.53,9.22,10.21,38,38,1270.76,356.55,62.16,3.38,1.41,1.41,7.34,11.75,13.98,7.34,11.75,13.98,49,49,1356.96,398.57,82.71,9.25,3.36,2.14
2021/06/03T02:55:08z,10:52:1c:41:b0:6b,6.01,2.0+OPENLOG+15485 MB+DS3231+BME280+PMSX003-B+PMSX003-A,70,57,54,1006.07,0.00,36424,0,1195,6.89,10.14,14.11,6.89,10.14,14.11,42,42,1364.84,372.95,71.43,10.46,6.07,2.64,8.00,12.33,15.09,8.00,12.33,15.09,51,51,1534.55,440.03,83.31,6.76,4.21,2.52
2021/06/03T02:57:03z,10:52:1c:41:b0:6b,6.01,2.0+OPENLOG+15485 MB+DS3231+BME280+PMSX003-B+PMSX003-A,70,57,54,1006.10,nan,36656,0,115,6.62,10.12,12.76,6.62,10.12,12.76,42,42,1354.29,378.33,67.33,7.00,3.67,3.43,7.27,11.17,12.66,7.27,11.17,12.66,47,47,1480.54,423.56,72.73,6.88,2.39,0.88
2021/06/03T02:59:03z,10:52:1c:41:b0:6b,6.01,2.0+OPENLOG+15485 MB+DS3231+BME280+PMSX003-B+PMSX003-A,70,57,54,1006.13,0.00,36424,0,235,7.07,10.48,13.25,7.07,10.48,13.25,44,44,1364.14,380.91,66.39,6.64,3.75,3.21,7.40,11.52,12.40,7.40,11.52,12.40,48,48,1419.41,404.03,67.59,8.10,1.41,0.28
2021/06/03T03:01:03z,10:52:1c:41:b0:6b,6.01,2.0+OPENLOG+15485 MB+DS3231+BME280+PMSX003-B+PMSX003-A,70,57,54,1006.13,0.00,36424,0,355,7.13,11.08,13.72,7.13,11.08,13.72,46,46,1383.95,385.98,80.63,7.50,3.47,3.13,7.55,11.70,12.70,7.55,11.70,12.70,49,49,1394.25,403.43,68.18,8.79,1.68,0.71
2021/06/03T03:03:03z,10:52:1c:41:b0:6b,6.01,2.0+OPENLOG+15485 MB+DS3231+BME280+PMSX003-B+PMSX003-A,70,56,54,1006.13,0.00,36424,0,475,7.02,10.73,12.68,7.02,10.73,12.68,45,45,1356.10,377.59,71.53,6.85,2.64,2.64,8.05,12.15,13.98,8.05,12.15,13.98,51,51,1486.58,430.22,78.40,7.64,2.62,0.58
2021/06/03T03:05:03z,10:52:1c:41:b0:6b,6.01,2.0+OPENLOG+15485 MB+DS3231+BME280+PMSX003-B+PMSX003-A,70,56,53,1006.12,0.00,36424,0,595,6.14,9.35,10.72,6.14,9.35,10.72,39,39,1223.68,338.54,59.74,5.58,1.72,1.72,7.71,10.85,12.07,7.71,10.85,12.07,45,45,1473.86,421.56,66.14,4.00,1.59,1.59
2021/06/03T03:07:03z,10:52:1c:41:b0:6b,6.01,2.0+OPENLOG+15485 MB+DS3231+BME280+PMSX003-B+PMSX003-A,70,56,53,1006.13,0.00,36424,0,715,6.79,10.23,11.77,6.79,10.23,11.77,43,43,1384.02,389.12,68.98,5.04,2.21,1.25,7.29,11.54,13.68,7.29,11.54,13.68,48,48,1440.86,406.75,65.71,9.00,2.79,2.71
2021/06/03T03:09:03z,10:52:1c:41:b0:6b,6.01,2.0+OPENLOG+15485 MB+DS3231+BME280+PMSX003-B+PMSX003-A,70,56,53,1006.18,0.00,36392,0,835,7.19,10.00,11.71,7.19,10.00,11.71,42,42,1348.29,363.93,70.28,4.90,2.17,2.17,7.49,12.63,14.47,7.49,12.63,14.47,52,52,1438.32,411.82,79.93,10.32,2.74,1.12
2021/06/03T03:11:03z,10:52:1c:41:b0:6b,6.01,2.0+OPENLOG+15485 MB+DS3231+BME280+PMSX003-B+PMSX003-A,70,56,53,1006.18,0.00,36392,0,955,7.62,10.60,14.10,7.62,10.60,14.10,44,44,1504.71,406.98,73.02,6.41,4.62,3.79,7.48,11.48,12.95,7.48,11.48,12.95,48,48,1434.11,408.04,67.46,8.04,1.79,0.96
2021/06/03T03:13:03z,10:52:1c:41:b0:6b,6.01,2.0+OPENLOG+15485 MB+DS3231+BME280+PMSX003-B+PMSX003-A,70,56,53,1006.17,0.00,36392,0,1075,6.67,9.25,10.74,6.67,9.25,10.74,39,39,1287.74,340.58,60.81,4.70,1.96,1.82,7.37,11.39,13.65,7.37,11.39,13.65,47,47,1462.32,416.21,75.82,7.51,3.72,1.09
2021/06/03T03:15:03z,10:52:1c:41:b0:6b,6.01,2.0+OPENLOG+15485 MB+DS3231+BME280+PMSX003-B+PMSX003-A,70,56,53,1006.14,0.00,36392,0,1195,6.63,9.79,12.02,6.63,9.79,12.02,41,41,1261.32,353.60,70.75,5.82,3.12,2.21,7.95,12.14,13.79,7.95,12.14,13.79,51,51,1474.76,431.14,75.83,7.62,2.59,0.48
2021/06/03T03:17:00z,10:52:1c:41:b0:6b,6.01,2.0+OPENLOG+15485 MB+DS3231+BME280+PMSX003-B+PMSX003-A,70,56,53,1006.20,nan,36656,0,115,7.40,10.62,13.24,7.40,10.62,13.24,44,44,1453.64,393.38,72.90,6.38,3.67,2.52,8.15,11.93,14.70,8.15,11.93,14.70,50,50,1545.60,433.45,79.65,7.95,3.55,2.30
2021/06/03T03:19:00z,10:52:1c:41:b0:6b,6.01,2.0+OPENLOG+15485 MB+DS3231+BME280+PMSX003-B+PMSX003-A,70,56,53,1006.22,0.00,36424,0,235,8.00,11.04,12.57,8.00,11.04,12.57,46,46,1479.91,404.79,72.05,4.00,2.36,1.29,8.75,12.58,15.53,8.75,12.58,15.53,52,52,1613.26,463.82,75.33,8.21,3.93,2.91
2021/06/03T03:21:00z,10:52:1c:41:b0:6b,6.01,2.0+OPENLOG+15485 MB+DS3231+BME280+PMSX003-B+PMSX003-A,70,56,53,1006.24,0.00,36424,0,355,7.63,10.78,12.12,7.63,10.78,12.12,45,45,1490.29,409.20,67.93,3.73,1.80,1.80,8.32,13.70,16.28,8.32,13.70,16.28,54,54,1599.37,462.21,84.39,10.74,3.68,2.28
2021/06/03T03:23:00z,10:52:1c:41:b0:6b,6.01,2.0+OPENLOG+15485 MB+DS3231+BME280+PMSX003-B+PMSX003-A,70,56,54,1006.30,0.00,36424,0,475,8.71,12.47,13.85,8.71,12.47,13.85,52,52,1579.98,447.80,80.86,5.12,1.90,1.63,8.95,13.27,14.16,8.95,13.27,14.16,53,53,1702.15,478.29,74.00,6.87,1.16,0.73
2021/06/03T03:25:00z,10:52:1c:41:b0:6b,6.01,2.0+OPENLOG+15485 MB+DS3231+BME280+PMSX003-B+PMSX003-A,70,56,54,1006.28,0.00,36424,0,595,7.56,12.04,13.70,7.56,12.04,13.70,50,50,1566.00,418.00,82.46,7.72,2.00,1.86,8.53,13.75,16.66,8.53,13.75,16.66,54,54,1583.08,462.27,88.85,13.73,3.83,2.75
2021/06/03T03:27:00z,10:52:1c:41:b0:6b,6.01,2.0+OPENLOG+15485 MB+DS3231+BME280+PMSX003-B+PMSX003-A,70,56,54,1006.25,0.00,36424,0,715,7.56,12.18,14.75,7.56,12.18,14.75,51,51,1498.91,409.49,86.07,9.45,3.49,2.47,8.69,12.69,13.42,8.69,12.69,13.42,52,52,1605.97,467.46,79.25,3.42,0.71,0.71
2021/06/03T03:29:00z,10:52:1c:41:b0:6b,6.01,2.0+OPENLOG+15485 MB+DS3231+BME280+PMSX003-B+PMSX003-A,71,56,54,1006.32,0.00,36424,0,835,7.19,10.57,13.74,7.19,10.57,13.74,44,44,1469.53,394.17,76.95,6.38,4.17,4.17,8.88,12.71,15.80,8.88,12.71,15.80,52,52,1629.32,464.79,73.75,9.21,4.18,3.68
2021/06/03T03:31:00z,10:52:1c:41:b0:6b,6.01,2.0+OPENLOG+15485 MB+DS3231+BME280+PMSX003-B+PMSX003-A,71,56,54,1006.28,0.00,36392,0,955,7.59,11.17,16.76,7.59,11.17,16.76,47,47,1506.97,409.47,83.73,12.20,8.31,3.53,8.09,12.62,15.48,8.09,12.62,15.48,52,52,1574.57,454.86,79.96,8.32,3.93,3.43
2021/06/03T03:33:00z,10:52:1c:41:b0:6b,6.01,2.0+OPENLOG+15485 MB+DS3231+BME280+PMSX003-B+PMSX003-A,71,56,54,1006.29,0.00,36392,0,1075,8.69,12.84,15.10,8.69,12.84,15.10,53,53,1653.88,454.79,80.76,6.62,2.97,2.07,9.19,14.64,15.53,9.19,14.64,15.53,56,56,1726.14,493.03,87.03,8.83,1.34,0.97
2021/06/03T03:35:00z,10:52:1c:41:b0:6b,6.01,2.0+OPENLOG+15485 MB+DS3231+BME280+PMSX003-B+PMSX003-A,71,56,54,1006.24,0.00,36392,0,1195,11.77,17.25,19.45,11.77,17.25,19.45,62,62,2118.00,589.71,116.18,8.14,2.82,2.25,12.00,19.38,20.50,12.00,19.38,20.50,66,66,2154.54,623.32,117.82,12.75,2.07,0.43
2021/06/03T03:36:55z,10:52:1c:41:b0:6b,6.01,2.0+OPENLOG+15485 MB+DS3231+BME280+PMSX003-B+PMSX003-A,71,56,54,1006.24,nan,36656,0,115,14.38,21.86,25.69,14.38,21.86,25.69,72,72,2580.36,718.45,160.45,12.48,5.00,3.71,15.51,26.08,31.85,15.51,26.00,31.85,80,80,2652.31,789.44,167.13,25.28,8.36,4.87
2021/06/03T03:38:55z,10:52:1c:41:b0:6b,6.01,2.0+OPENLOG+15485 MB+DS3231+BME280+PMSX003-B+PMSX003-A,71,56,54,1006.23,0.00,36424,0,235,12.77,19.75,26.72,12.77,19.75,26.72,67,67,2389.53,673.77,140.89,18.46,11.05,3.09,13.46,21.32,24.30,13.46,21.32,24.30,70,70,2417.05,699.89,137.05,14.84,4.32,3.47
2021/06/03T03:40:55z,10:52:1c:41:b0:6b,6.01,2.0+OPENLOG+15485 MB+DS3231+BME280+PMSX003-B+PMSX003-A,71,56,54,1006.23,0.00,36424,0,355,11.66,18.49,21.98,11.66,18.49,21.98,64,64,2172.31,600.64,141.14,10.44,4.68,3.86,11.44,18.42,20.47,11.44,18.42,20.47,64,64,2126.74,608.42,112.32,10.74,2.74,1.54
2021/06/03T03:42:55z,10:52:1c:41:b0:6b,6.01,2.0+OPENLOG+15485 MB+DS3231+BME280+PMSX003-B+PMSX003-A,72,56,55,1006.20,0.00,36424,0,475,11.44,18.42,23.08,11.44,18.42,23.08,64,64,2128.83,591.32,125.78,16.61,6.85,3.69,12.86,20.21,23.57,12.86,20.21,23.57,68,68,2344.39,665.68,131.64,13.57,4.86,3.18
2021/06/03T03:44:55z,10:52:1c:41:b0:6b,6.01,2.0+OPENLOG+15485 MB+DS3231+BME280+PMSX003-B+PMSX003-A,72,55,55,1006.22,0.00,36424,0,595,14.45,22.88,28.43,14.45,22.88,28.43,74,74,2636.59,731.97,162.93,17.03,8.72,2.66,14.12,25.88,30.46,14.12,25.77,30.46,80,80,2612.11,750.88,168.56,27.44,6.42,3.96
2021/06/03T03:46:55z,10:52:1c:41:b0:6b,6.01,2.0+OPENLOG+15485 MB+DS3231+BME280+PMSX003-B+PMSX003-A,72,55,55,1006.22,0.00,36424,0,715,18.89,30.62,46.16,18.57,30.04,44.57,90,89,3471.32,978.27,227.16,35.71,23.29,9.86,20.46,36.21,43.04,19.67,33.33,42.28,103,96,3639.58,1066.88,242.67,36.63,9.19,6.11
2021/06/03T03:48:55z,10:52:1c:41:b0:6b,6.01,2.0+OPENLOG+15485 MB+DS3231+BME280+PMSX003-B+PMSX003-A,72,55,55,1006.17,0.00,36392,0,835,22.64,35.19,49.31,21.43,32.86,47.17,100,95,4054.40,1133.02,259.10,34.74,22.12,6.72,22.75,39.75,45.39,21.25,35.62,44.50,111,101,4082.46,1171.57,257.71,36.64,8.18,4.32
2021/06/03T03:50:55z,10:52:1c:41:b0:6b,6.01,2.0+OPENLOG+15485 MB+DS3231+BME280+PMSX003-B+PMSX003-A,72,55,55,1006.22,0.00,36392,0,955,23.05,37.26,50.81,21.55,33.95,48.28,105,97,4202.33,1182.88,277.47,36.72,21.90,4.45,22.89,39.09,46.29,21.40,35.25,45.31,110,100,4100.95,1169.96,253.05,36.47,10.73,5.09
2021/06/03T03:52:55z,10:52:1c:41:b0:6b,6.01,2.0+OPENLOG+15485 MB+DS3231+BME280+PMSX003-B+PMSX003-A,73,54,55,1006.15,0.00,36392,0,1075,19.95,30.64,41.21,19.59,29.86,40.69,90,88,3647.59,1003.16,217.05,26.66,15.48,6.97,21.12,35.57,41.86,20.30,33.04,41.55,101,95,3686.36,1066.71,218.54,31.79,9.21,4.75
2021/06/03T03:54:55z,10:52:1c:41:b0:6b,6.01,2.0+OPENLOG+15485 MB+DS3231+BME280+PMSX003-B+PMSX003-A,73,54,55,1006.23,0.00,36392,0,1195,14.76,22.02,27.20,14.76,22.02,27.20,72,72,2672.78,744.26,145.78,16.96,7.70,3.67,14.81,24.07,27.74,14.81,24.07,27.74,76,76,2650.42,771.51,142.56,19.05,5.19,3.40
2021/06/03T03:56:51z,10:52:1c:41:b0:6b,6.01,2.0+OPENLOG+15485 MB+DS3231+BME280+PMSX003-B+PMSX003-A,73,54,55,1006.22,nan,36656,0,116,13.07,18.95,22.55,13.07,18.95,22.55,65,65,2430.50,663.36,118.98,10.33,4.81,4.29,13.73,22.60,25.35,13.73,22.60,25.35,73,73,2565.60,724.95,136.90,17.85,4.00,2.65
2021/06/03T03:58:51z,10:52:1c:41:b0:6b,6.01,2.0+OPENLOG+15485 MB+DS3231+BME280+PMSX003-B+PMSX003-A,73,53,55,1006.26,0.00,36424,0,236,13.79,19.14,23.54,13.79,19.14,23.54,66,66,2560.50,700.36,113.41,13.21,6.61,3.04,15.52,22.83,26.81,15.52,22.83,26.81,74,74,2799.72,798.83,132.66,14.86,5.83,4.10
2021/06/03T04:00:51z,10:52:1c:41:b0:6b,6.01,2.0+OPENLOG+15485 MB+DS3231+BME280+PMSX003-B+PMSX003-A,73,53,55,1006.30,0.00,36424,0,356,15.78,21.03,23.98,15.78,21.03,23.98,70,70,2901.85,801.22,117.73,7.97,3.83,3.23,18.91,26.25,27.96,18.70,26.11,27.96,81,80,3406.63,949.44,124.74,14.00,2.49,1.65
2021/06/03T04:02:51z,10:52:1c:41:b0:6b,6.01,2.0+OPENLOG+15485 MB+DS3231+BME280+PMSX003-B+PMSX003-A,74,53,55,1006.32,0.00,36424,0,476,15.83,20.76,23.73,15.83,20.76,23.73,69,69,2928.41,782.49,118.44,6.58,4.27,2.95,17.93,24.55,25.86,17.93,24.55,25.86,77,77,3289.07,926.43,116.29,12.43,2.11,0.64
2021/06/03T04:04:51z,10:52:1c:41:b0:6b,6.01,2.0+OPENLOG+15485 MB+DS3231+BME280+PMSX003-B+PMSX003-A,74,52,55,1006.32,0.00,36424,0,596,12.09,16.11,18.04,12.09,16.11,18.04,59,59,2264.95,613.05,100.18,5.75,2.46,2.46,13.12,16.69,17.83,13.12,16.69,17.83,61,61,2456.75,680.24,80.92,4.00,1.49,1.15
2021/06/03T04:06:51z,10:52:1c:41:b0:6b,6.01,2.0+OPENLOG+15485 MB+DS3231+BME280+PMSX003-B+PMSX003-A,74,52,55,1006.34,0.00,36112,0,716,9.75,13.25,15.42,9.75,13.25,15.42,53,53,1863.05,508.49,75.49,5.38,2.69,2.33,10.75,14.47,15.14,10.75,14.47,15.14,56,56,2010.31,562.81,71.32,5.90,0.51,0.51
2021/06/03T04:08:51z,10:52:1c:41:b0:6b,6.01,2.0+OPENLOG+15485 MB+DS3231+BME280+PMSX003-B+PMSX003-A,74,52,55,1006.40,0.00,35744,0,836,9.09,13.78,20.36,9.09,13.78,20.36,55,55,1832.33,506.97,88.19,16.79,9.34,5.34,10.65,15.91,19.70,10.65,15.91,19.70,59,59,2047.68,587.54,83.26,13.40,5.19,3.65
2021/06/03T04:10:51z,10:52:1c:41:b0:6b,6.01,2.0+OPENLOG+15485 MB+DS3231+BME280+PMSX003-B+PMSX003-A,74,52,55,1006.41,0.00,36104,0,956,8.20,11.24,13.29,8.20,11.24,13.29,47,47,1627.63,442.42,69.14,4.61,2.75,2.27,9.12,14.00,15.29,9.12,14.00,15.29,55,55,1794.54,509.54,80.36,8.71,1.86,1.32
2021/06/03T04:12:51z,10:52:1c:41:b0:6b,6.01,2.0+OPENLOG+15485 MB+DS3231+BME280+PMSX003-B+PMSX003-A,74,51,55,1006.44,0.00,36072,0,1076,8.21,11.36,14.31,8.21,11.36,14.31,47,47,1599.78,439.24,66.40,6.93,4.21,2.76,8.26,12.45,14.00,8.26,12.45,14.00,52,52,1507.14,433.00,77.90,8.34,2.03,1.00
2021/06/03T04:14:51z,10:52:1c:41:b0:6b,6.01,2.0+OPENLOG+15485 MB+DS3231+BME280+PMSX003-B+PMSX003-A,75,51,56,1006.44,0.00,35760,0,1196,6.47,9.60,12.36,6.47,9.60,12.36,40,40,1315.31,357.18,62.96,6.73,3.64,3.64,8.24,12.17,13.72,8.24,12.17,13.72,51,51,1546.76,442.21,63.90,8.93,2.10,1.48
2021/06/03T04:16:47z,10:52:1c:41:b0:6b,6.01,2.0+OPENLOG+15485 MB+DS3231+BME280+PMSX003-B+PMSX003-A,75,51,55,1006.45,nan,36656,0,115,6.24,9.38,11.33,6.24,9.38,11.33,39,39,1301.43,359.52,59.79,6.95,3.00,1.76,7.28,10.32,12.57,7.28,10.32,12.57,43,43,1418.25,405.55,56.25,4.80,3.00,1.90
2021/06/03T04:18:47z,10:52:1c:41:b0:6b,6.01,2.0+OPENLOG+15485 MB+DS3231+BME280+PMSX003-B+PMSX003-A,75,50,55,1006.48,0.00,35856,0,235,5.89,8.53,9.95,5.89,8.53,9.95,36,36,1221.00,339.36,57.51,5.49,2.36,0.47,6.93,10.05,10.71,6.93,10.05,10.71,42,42,1353.00,382.93,53.38,3.66,1.21,0.38
2021/06/03T04:20:47z,10:52:1c:41:b0:6b,6.01,2.0+OPENLOG+15485 MB+DS3231+BME280+PMSX003-B+PMSX003-A,75,49,54,1006.48,0.00,36048,0,355,5.86,8.22,9.54,5.86,8.22,9.54,34,34,1189.42,327.39,53.20,4.44,1.69,1.69,6.59,9.30,10.04,6.59,9.30,10.04,39,39,1245.86,361.93,51.64,4.14,0.82,0.82
2021/06/03T04:22:47z,10:52:1c:41:b0:6b,6.01,2.0+OPENLOG+15485 MB+DS3231+BME280+PMSX003-B+PMSX003-A,75,49,54,1006.52,0.00,36048,0,475,5.93,8.84,10.36,5.93,8.84,10.36,37,37,1202.33,323.78,56.26,5.59,1.93,1.93,7.18,10.93,13.38,7.18,10.93,13.38,46,46,1430.68,404.96,61.11,8.89,3.04,2.14
2021/06/03T04:24:47z,10:52:1c:41:b0:6b,6.01,2.0+OPENLOG+15485 MB+DS3231+BME280+PMSX003-B+PMSX003-A,76,49,55,1006.46,0.00,36016,0,595,5.77,8.67,10.74,5.77,8.67,10.74,36,36,1267.68,337.12,58.72,6.84,3.12,1.75,7.72,10.90,11.57,7.72,10.90,11.57,45,45,1518.10,421.07,57.72,6.41,1.10,0.17
2021/06/03T04:26:47z,10:52:1c:41:b0:6b,6.01,2.0+OPENLOG+15485 MB+DS3231+BME280+PMSX003-B+PMSX003-A,76,48,55,1006.53,0.00,36016,0,715,5.75,8.52,10.27,5.75,8.52,10.27,35,35,1189.34,324.00,55.18,6.39,2.21,2.21,6.51,9.49,11.42,6.51,9.49,11.42,40,40,1310.14,369.49,54.20,6.37,2.75,1.56
2021/06/03T04:28:47z,10:52:1c:41:b0:6b,6.01,2.0+OPENLOG+15485 MB+DS3231+BME280+PMSX003-B+PMSX003-A,74,48,53,1004.66,0.00,36016,0,835,6.59,9.84,12.62,6.59,9.84,12.62,41,41,1287.88,356.48,58.07,9.72,3.66,3.24,6.98,10.05,11.45,6.98,10.05,11.45,42,42,1336.14,384.14,59.52,6.79,2.00,1.21
2021/06/03T04:30:47z,10:52:1c:41:b0:6b,6.01,2.0+OPENLOG+15485 MB+DS3231+BME280+PMSX003-B+PMSX003-A,76,47,54,1006.52,0.00,36016,0,955,6.14,8.21,10.34,6.14,8.21,10.34,34,34,1274.74,345.12,54.12,5.03,2.83,2.34,6.98,9.11,9.70,6.98,9.11,9.70,38,38,1311.64,371.00,53.04,2.14,0.86,0.18
2021/06/03T04:32:47z,10:52:1c:41:b0:6b,6.01,2.0+OPENLOG+15485 MB+DS3231+BME280+PMSX003-B+PMSX003-A,76,47,54,1006.47,0.00,36016,0,1075,5.48,7.78,8.40,5.48,7.78,8.40,32,32,1083.31,296.45,46.83,3.72,0.86,0.52,6.29,9.74,10.84,6.29,9.74,10.84,41,41,1255.76,351.55,54.10,7.72,1.38,1.38
2021/06/03T04:34:47z,10:52:1c:41:b0:6b,6.01,2.0+OPENLOG+15485 MB+DS3231+BME280+PMSX003-B+PMSX003-A,77,47,55,1006.51,0.00,35704,0,1195,5.91,8.34,10.41,5.91,8.34,10.41,35,35,1192.34,328.29,51.04,4.64,2.82,2.32,5.90,10.00,11.29,5.90,10.00,11.29,42,42,1209.21,342.31,61.52,7.48,1.90,0.93
2021/06/03T04:36:43z,10:52:1c:41:b0:6b,6.01,2.0+OPENLOG+15485 MB+DS3231+BME280+PMSX003-B+PMSX003-A,77,47,55,1006.54,nan,36656,0,115,5.50,8.24,10.40,5.50,8.24,10.40,34,34,1071.93,296.36,46.57,8.57,3.24,2.29,6.53,10.02,13.07,6.53,10.02,13.07,42,42,1249.95,364.75,63.40,9.85,4.00,3.20
2021/06/03T04:38:43z,10:52:1c:41:b0:6b,6.01,2.0+OPENLOG+15485 MB+DS3231+BME280+PMSX003-B+PMSX003-A,77,47,55,1006.56,0.00,36112,0,235,5.21,7.66,10.41,5.21,7.66,10.41,32,32,1123.55,301.02,54.89,6.50,3.61,3.21,6.02,8.81,10.31,6.02,8.81,10.31,37,37,1216.45,346.07,55.55,5.31,2.07,1.31
2021/06/03T04:40:43z,10:52:1c:41:b0:6b,6.01,2.0+OPENLOG+15485 MB+DS3231+BME280+PMSX003-B+PMSX003-A,77,47,55,1006.61,0.00,36424,0,355,4.35,7.03,8.80,4.35,7.03,8.80,29,29,1003.05,264.07,47.82,5.27,2.33,1.53,6.02,8.95,10.95,6.02,8.95,10.95,37,37,1177.61,336.96,60.07,6.54,2.43,1.64
2021/06/03T04:42:43z,10:52:1c:41:b0:6b,6.01,2.0+OPENLOG+15485 MB+DS3231+BME280+PMSX003-B+PMSX003-A,77,47,55,1006.61,0.00,36424,0,475,4.24,7.05,9.43,4.24,7.05,9.43,29,29,960.93,265.60,51.74,6.48,3.31,3.03,5.62,8.09,10.11,5.62,8.09,10.11,34,34,1123.53,321.42,51.31,5.96,2.51,2.15
2021/06/03T04:44:43z,10:52:1c:41:b0:6b,6.01,2.0+OPENLOG+15485 MB+DS3231+BME280+PMSX003-B+PMSX003-A,77,47,55,1006.64,0.00,36424,0,595,4.81,6.98,9.79,4.81,6.98,9.79,29,29,1089.05,289.31,47.41,6.21,3.76,3.24,6.10,8.80,10.02,6.10,8.80,10.02,37,37,1169.80,335.29,55.36,5.08,1.56,1.56
2021/06/03T04:46:43z,10:52:1c:41:b0:6b,6.01,2.0+OPENLOG+15485 MB+DS3231+BME280+PMSX003-B+PMSX003-A,77,47,55,1006.61,0.00,36424,0,715,4.89,7.29,8.71,4.89,7.29,8.71,30,30,995.30,274.25,45.59,4.75,1.93,1.43,6.05,8.98,10.81,6.05,8.98,10.81,37,37,1178.64,342.61,53.73,7.66,2.34,1.86
2021/06/03T04:48:43z,10:52:1c:41:b0:6b,6.01,2.0+OPENLOG+15485 MB+DS3231+BME280+PMSX003-B+PMSX003-A,77,46,55,1006.66,0.00,36112,0,835,4.63,7.08,8.83,4.63,7.08,8.83,30,30,987.10,273.61,48.69,5.12,2.20,2.20,5.45,7.78,9.57,5.45,7.78,9.57,32,32,1126.97,321.76,45.17,4.59,2.55,2.10
2021/06/03T04:50:43z,10:52:1c:41:b0:6b,6.01,2.0+OPENLOG+15485 MB+DS3231+BME280+PMSX003-B+PMSX003-A,77,46,55,1006.70,0.00,36424,0,955,5.12,7.97,9.76,5.12,7.97,9.76,33,33,1120.60,311.17,54.98,4.52,2.38,2.00,5.50,8.30,9.95,5.50,8.30,9.95,35,35,1132.39,327.32,48.54,4.14,2.43,1.25
2021/06/03T04:52:43z,10:52:1c:41:b0:6b,6.01,2.0+OPENLOG+15485 MB+DS3231+BME280+PMSX003-B+PMSX003-A,75,46,53,1004.16,0.00,36424,0,1075,5.28,8.12,9.32,5.28,8.12,9.32,34,34,1044.63,298.67,56.79,3.23,1.68,1.68,5.28,7.97,9.90,5.28,7.97,9.90,33,33,1104.00,313.86,49.21,4.83,2.62,2.34
2021/06/03T04:54:43z,10:52:1c:41:b0:6b,6.01,2.0+OPENLOG+15485 MB+DS3231+BME280+PMSX003-B+PMSX003-A,77,46,54,1006.61,0.00,36424,0,1195,5.54,7.73,12.59,5.54,7.73,12.59,32,32,1130.41,310.54,59.62,9.14,7.21,3.71,6.05,8.76,10.26,6.05,8.76,10.26,36,36,1192.66,345.97,53.21,4.48,2.24,1.21
2021/06/03T04:56:39z,10:52:1c:41:b0:6b,6.01,2.0+OPENLOG+15485 MB+DS3231+BME280+PMSX003-B+PMSX003-A,78,46,55,1006.57,nan,36344,0,115,5.21,8.07,9.88,5.21,8.07,9.88,34,34,1137.14,314.81,58.49,4.00,2.37,2.37,6.78,9.88,10.80,6.78,9.88,10.80,41,41,1252.35,362.95,53.80,5.85,1.10,1.10
2021/06/03T04:58:39z,10:52:1c:41:b0:6b,6.01,2.0+OPENLOG+15485 MB+DS3231+BME280+PMSX003-B+PMSX003-A,78,46,55,1006.62,0.00,36424,0,235,4.98,7.46,8.25,4.98,7.46,8.25,31,31,1066.88,290.43,55.48,3.93,1.25,0.61,6.05,9.29,11.29,6.05,9.29,11.29,39,39,1143.31,336.00,57.55,8.07,2.97,1.59
2021/06/03T05:00:39z,10:52:1c:41:b0:6b,6.01,2.0+OPENLOG+15485 MB+DS3231+BME280+PMSX003-B+PMSX003-A,78,46,55,1006.59,0.00,35768,0,355,5.27,7.29,7.78,5.27,7.29,7.78,30,30,1094.80,299.58,48.42,1.93,0.71,0.37,5.98,8.40,10.58,5.98,8.40,10.58,35,35,1138.00,321.09,53.86,4.18,2.77,2.60
2021/06/03T05:02:39z,10:52:1c:41:b0:6b,6.01,2.0+OPENLOG+15485 MB+DS3231+BME280+PMSX003-B+PMSX003-A,78,45,55,1006.63,0.00,36392,0,475,5.05,7.98,13.26,5.05,7.98,13.26,33,33,1111.21,303.51,62.35,10.98,7.86,3.89,6.13,9.29,10.20,6.13,9.29,10.20,39,39,1190.62,341.09,57.56,5.02,1.35,0.29
2021/06/03T05:04:39z,10:52:1c:41:b0:6b,6.01,2.0+OPENLOG+15485 MB+DS3231+BME280+PMSX003-B+PMSX003-A,78,45,55,1006.58,0.00,36392,0,595,5.05,7.79,10.33,5.05,7.79,10.33,32,32,1069.66,295.45,58.52,6.31,3.86,2.52,6.25,8.78,10.64,6.25,8.78,10.64,37,37,1232.64,351.53,56.47,5.46,2.75,1.59
2021/06/03T05:06:39z,10:52:1c:41:b0:6b,6.01,2.0+OPENLOG+15485 MB+DS3231+BME280+PMSX003-B+PMSX003-A,76,45,53,1004.84,0.00,34208,0,715,4.91,7.13,11.49,4.91,7.13,11.49,30,30,1086.87,294.58,51.76,8.00,6.36,2.91,6.20,9.00,10.19,6.20,9.00,10.19,38,38,1208.75,346.98,53.76,4.68,1.69,1.25
2021/06/03T05:08:39z,10:52:1c:41:b0:6b,6.01,2.0+OPENLOG+15485 MB+DS3231+BME280+PMSX003-B+PMSX003-A,78,45,55,1006.59,0.00,36392,0,835,5.16,7.34,8.78,5.16,7.34,8.78,31,31,1038.10,285.33,49.40,5.10,1.97,0.86,6.72,9.07,9.98,6.72,9.07,9.98,38,38,1355.28,372.14,51.10,3.07,1.21,1.21
2021/06/03T05:10:39z,10:52:1c:41:b0:6b,6.01,2.0+OPENLOG+15485 MB+DS3231+BME280+PMSX003-B+PMSX003-A,79,45,56,1006.63,0.00,36392,0,955,4.88,7.42,8.60,4.88,7.42,8.60,31,31,1055.40,286.52,49.33,4.40,1.73,0.77,6.02,8.39,9.82,6.02,8.39,9.82,35,35,1152.32,330.04,48.82,4.29,2.00,1.18
2021/06/03T05:12:39z,10:52:1c:41:b0:6b,6.01,2.0+OPENLOG+15485 MB+DS3231+BME280+PMSX003-B+PMSX003-A,79,45,56,1006.60,0.00,36392,0,1075,5.81,7.25,8.60,5.81,7.25,8.60,30,30,1204.21,328.16,45.54,2.04,1.72,1.72,6.79,10.30,12.32,6.79,10.30,12.32,43,43,1323.26,379.05,65.23,9.26,2.42,1.75
2021/06/03T05:14:39z,10:52:1c:41:b0:6b,6.01,2.0+OPENLOG+15485 MB+DS3231+BME280+PMSX003-B+PMSX003-A,79,45,56,1006.63,0.00,36392,0,1195,5.93,8.70,11.04,5.93,8.70,11.04,36,36,1240.02,346.29,61.82,4.86,3.43,2.11,7.12,9.64,11.36,7.12,9.64,11.36,40,40,1362.41,384.31,60.10,3.55,2.45,1.48
2021/06/03T05:16:35z,10:52:1c:41:b0:6b,6.01,2.0+OPENLOG+15485 MB+DS3231+BME280+PMSX003-B+PMSX003-A,79,45,56,1006.69,nan,36656,0,116,5.93,8.73,12.59,5.93,8.73,12.59,36,36,1261.32,340.93,56.59,10.29,6.00,1.71,6.82,10.35,12.60,6.82,10.35,12.60,43,43,1395.90,382.10,64.20,8.00,3.10,2.40
2021/06/03T05:18:35z,10:52:1c:41:b0:6b,6.01,2.0+OPENLOG+15485 MB+DS3231+BME280+PMSX003-B+PMSX003-A,79,45,56,1006.73,0.00,36424,0,236,6.39,9.75,11.59,6.39,9.75,11.59,41,41,1258.12,345.23,66.09,6.21,2.43,1.50,7.25,10.39,11.69,7.25,10.39,11.69,43,43,1414.27,393.12,60.10,4.14,1.86,1.19
2021/06/03T05:20:35z,10:52:1c:41:b0:6b,6.01,2.0+OPENLOG+15485 MB+DS3231+BME280+PMSX003-B+PMSX003-A,79,45,56,1006.71,0.00,36392,0,356,6.95,10.00,12.80,6.95,10.00,12.80,42,42,1419.61,388.73,60.83,7.08,3.66,2.95,7.29,10.36,13.69,7.29,10.36,13.69,43,43,1436.95,406.40,62.65,8.00,4.62,2.58
2021/06/03T05:22:35z,10:52:1c:41:b0:6b,6.01,2.0+OPENLOG+15485 MB+DS3231+BME280+PMSX003-B+PMSX003-A,79,46,56,1006.76,0.00,36392,0,476,7.53,10.80,15.56,7.53,10.80,15.56,45,45,1509.00,419.64,77.31,10.47,7.36,3.49,7.98,11.38,13.64,7.98,11.38,13.64,47,47,1501.96,428.62,69.53,6.98,3.31,2.55
2021/06/03T05:24:35z,10:52:1c:41:b0:6b,6.01,2.0+OPENLOG+15485 MB+DS3231+BME280+PMSX003-B+PMSX003-A,78,47,56,1005.57,0.00,36392,0,596,7.11,10.54,11.98,7.11,10.54,11.98,44,44,1512.58,419.16,70.00,6.11,2.00,1.61,8.76,13.19,15.71,8.76,13.19,15.71,53,53,1662.00,470.66,72.10,10.55,3.62,2.24
2021/06/03T05:26:35z,10:52:1c:41:b0:6b,6.01,2.0+OPENLOG+15485 MB+DS3231+BME280+PMSX003-B+PMSX003-A,79,47,57,1006.79,0.00,36392,0,716,7.48,10.59,14.34,7.48,10.59,14.34,44,44,1450.88,392.27,69.89,9.14,5.61,2.07,8.45,12.93,14.90,8.45,12.93,14.90,53,53,1639.76,459.10,77.86,9.66,2.59,2.17
2021/06/03T05:28:35z,10:52:1c:41:b0:6b,6.01,2.0+OPENLOG+15485 MB+DS3231+BME280+PMSX003-B+PMSX003-A,80,46,57,1006.79,0.00,36392,0,836,7.16,10.50,14.47,7.16,10.50,14.47,44,44,1394.74,388.41,75.00,10.10,5.24,4.72,8.03,13.12,17.47,8.03,13.12,17.47,53,53,1590.93,449.31,83.52,13.52,5.90,4.72
2021/06/03T05:30:35z,10:52:1c:41:b0:6b,6.01,2.0+OPENLOG+15485 MB+DS3231+BME280+PMSX003-B+PMSX003-A,80,45,57,1006.79,0.00,36392,0,956,7.46,11.31,16.76,7.46,11.31,16.76,47,47,1447.88,398.03,77.20,15.27,7.53,5.39,8.15,11.91,15.76,8.15,11.91,15.76,50,50,1523.13,442.91,80.58,8.55,5.64,3.24
2021/06/03T05:32:35z,10:52:1c:41:b0:6b,6.01,2.0+OPENLOG+15485 MB+DS3231+BME280+PMSX003-B+PMSX003-A,80,45,56,1006.81,0.00,35144,0,1076,6.60,9.21,12.53,6.60,9.21,12.53,38,38,1280.48,359.31,55.93,7.31,4.52,3.38,7.18,10.28,12.46,7.18,10.28,12.46,43,43,1372.32,392.28,61.02,7.33,3.23,1.72
2021/06/03T05:34:35z,10:52:1c:41:b0:6b,6.01,2.0+OPENLOG+15485 MB+DS3231+BME280+PMSX003-B+PMSX003-A,80,45,57,1006.81,0.00,36392,0,1196,6.73,9.39,12.45,6.73,9.39,12.45,39,39,1385.73,373.84,61.91,6.71,4.07,3.29,7.61,10.98,12.73,7.61,10.98,12.73,46,46,1404.10,413.15,69.36,6.14,2.71,1.12
2021/06/03T05:36:31z,10:52:1c:41:b0:6b,6.01,2.0+OPENLOG+15485 MB+DS3231+BME280+PMSX003-B+PMSX003-A,80,46,57,1006.85,nan,36344,0,115,6.54,9.10,10.71,6.54,9.10,10.71,38,38,1279.24,353.63,61.07,4.39,2.54,1.27,8.15,11.10,14.00,8.15,11.10,14.00,46,46,1536.45,423.25,67.10,6.35,3.90,3.15
2021/06/03T05:38:31z,10:52:1c:41:b0:6b,6.01,2.0+OPENLOG+15485 MB+DS3231+BME280+PMSX003-B+PMSX003-A,80,45,56,1006.85,0.00,36112,0,235,5.93,9.47,13.67,5.93,9.47,13.67,39,39,1308.93,359.53,70.58,10.25,6.40,2.04,7.55,11.12,12.02,7.55,11.12,12.02,46,46,1401.83,413.93,65.62,7.07,1.48,0.00
2021/06/03T05:40:31z,10:52:1c:41:b0:6b,6.01,2.0+OPENLOG+15485 MB+DS3231+BME280+PMSX003-B+PMSX003-A,80,45,56,1006.86,0.00,36424,0,355,6.12,9.25,10.63,6.12,9.25,10.63,39,39,1284.76,343.19,55.37,5.15,1.86,1.86,6.91,9.33,11.74,6.91,9.33,11.74,39,39,1323.05,376.42,51.19,6.25,3.47,2.21
2021/06/03T05:42:31z,10:52:1c:41:b0:6b,6.01,2.0+OPENLOG+15485 MB+DS3231+BME280+PMSX003-B+PMSX003-A,80,45,56,1006.84,0.00,36424,0,475,6.73,9.47,10.76,6.73,9.47,10.76,39,39,1289.85,360.41,65.59,6.03,1.93,1.42,7.04,9.45,11.33,7.04,9.45,11.33,39,39,1334.62,384.76,55.20,3.38,2.62,1.75
2021/06/03T05:44:31z,10:52:1c:41:b0:6b,6.01,2.0+OPENLOG+15485 MB+DS3231+BME280+PMSX003-B+PMSX003-A,80,45,57,1006.87,0.00,36424,0,595,6.14,9.02,10.77,6.14,9.02,10.77,38,38,1344.11,369.28,53.91,5.09,2.28,2.28,7.02,10.76,12.98,7.02,10.76,12.98,45,45,1390.17,397.15,70.41,5.56,2.92,2.47
2021/06/03T05:46:31z,10:52:1c:41:b0:6b,6.01,2.0+OPENLOG+15485 MB+DS3231+BME280+PMSX003-B+PMSX003-A,80,45,57,1006.88,0.00,36424,0,715,6.11,8.66,11.25,6.11,8.66,11.25,36,36,1240.07,341.23,55.96,4.82,3.50,3.04,7.72,10.32,11.27,7.72,10.32,11.27,43,43,1453.20,418.00,61.07,2.97,1.20,1.20
2021/06/03T05:48:31z,10:52:1c:41:b0:6b,6.01,2.0+OPENLOG+15485 MB+DS3231+BME280+PMSX003-B+PMSX003-A,80,45,56,1006.91,0.00,36424,0,835,6.79,9.32,10.81,6.79,9.32,10.81,39,39,1289.16,355.09,56.61,5.05,2.11,1.96,7.64,10.48,13.22,7.64,10.48,13.22,44,44,1436.38,413.24,58.48,6.59,3.86,2.14
2021/06/03T05:50:31z,10:52:1c:41:b0:6b,6.01,2.0+OPENLOG+15485 MB+DS3231+BME280+PMSX003-B+PMSX003-A,80,44,56,1006.90,0.00,36424,0,955,6.17,9.00,11.05,6.17,9.00,11.05,38,38,1277.15,346.00,56.97,5.73,2.73,2.10,7.29,10.07,11.79,7.29,10.07,11.79,42,42,1360.93,379.50,60.96,6.54,2.68,1.29
2021/06/03T05:52:31z,10:52:1c:41:b0:6b,6.01,2.0+OPENLOG+15485 MB+DS3231+BME280+PMSX003-B+PMSX003-A,80,44,56,1006.91,0.00,36112,0,1075,6.88,9.03,11.41,6.88,9.03,11.41,38,38,1311.72,364.40,51.16,5.66,3.21,2.45,7.46,9.74,10.02,7.46,9.74,10.02,41,41,1378.84,392.56,54.14,1.05,0.46,0.46
2021/06/03T05:54:31z,10:52:1c:41:b0:6b,6.01,2.0+OPENLOG+15485 MB+DS3231+BME280+PMSX003-B+PMSX003-A,81,45,57,1006.85,0.00,36424,0,1195,7.25,10.09,12.79,7.25,10.09,12.79,42,42,1397.25,378.80,65.41,7.50,3.57,3.57,7.46,10.90,11.25,7.46,10.90,11.25,45,45,1372.88,386.44,61.53,5.32,0.51,0.51
2021/06/03T05:56:27z,10:52:1c:41:b0:6b,6.01,2.0+OPENLOG+15485 MB+DS3231+BME280+PMSX003-B+PMSX003-A,81,45,57,1006.84,nan,36656,0,115,6.40,9.05,11.57,6.40,9.05,11.57,38,38,1317.21,353.55,60.00,4.86,3.43,2.48,7.35,10.35,12.68,7.35,10.35,12.68,43,43,1449.45,414.65,60.95,6.15,3.50,2.70
2021/06/03T05:58:27z,10:52:1c:41:b0:6b,6.01,2.0+OPENLOG+15485 MB+DS3231+BME280+PMSX003-B+PMSX003-A,81,45,57,1006.86,0.00,36424,0,235,6.45,9.31,11.53,6.45,9.31,11.53,39,39,1316.29,355.15,62.95,4.55,2.69,2.44,7.11,10.32,11.75,7.11,10.32,11.75,43,43,1352.42,380.04,55.89,6.77,2.04,0.77
2021/06/03T06:00:27z,10:52:1c:41:b0:6b,6.01,2.0+OPENLOG+15485 MB+DS3231+BME280+PMSX003-B+PMSX003-A,81,44,57,1006.83,0.00,36424,0,355,6.37,8.83,12.20,6.37,8.83,12.20,37,37,1248.86,345.42,61.46,6.85,4.37,3.90,7.04,10.19,11.65,7.04,10.19,11.65,42,42,1336.53,384.56,49.05,8.00,1.72,0.84
2021/06/03T06:02:27z,10:52:1c:41:b0:6b,6.01,2.0+OPENLOG+15485 MB+DS3231+BME280+PMSX003-B+PMSX003-A,81,44,57,1006.79,0.00,36424,0,475,7.29,9.69,11.76,7.29,9.69,11.76,40,40,1436.64,390.31,52.66,5.05,2.75,2.27,7.80,10.57,11.46,7.80,10.57,11.46,44,44,1534.61,430.36,55.11,2.57,1.18,1.18
2021/06/03T06:04:27z,10:52:1c:41:b0:6b,6.01,2.0+OPENLOG+15485 MB+DS3231+BME280+PMSX003-B+PMSX003-A,81,44,57,1006.80,0.00,36424,0,595,6.63,8.65,9.89,6.63,8.65,9.89,36,36,1368.58,358.98,49.19,3.61,1.79,0.95,7.68,10.82,13.88,7.68,10.82,13.88,45,45,1470.53,418.49,63.58,7.33,4.39,3.16
2021/06/03T06:06:27z,10:52:1c:41:b0:6b,6.01,2.0+OPENLOG+15485 MB+DS3231+BME280+PMSX003-B+PMSX003-A,81,44,57,1006.86,0.00,35800,0,715,6.84,9.80,12.15,6.84,9.80,12.15,41,41,1408.31,383.84,64.09,6.15,3.16,2.73,7.41,10.88,11.86,7.41,10.88,11.86,45,45,1398.10,405.66,59.39,8.27,1.39,1.22
2021/06/03T06:08:27z,10:52:1c:41:b0:6b,6.01,2.0+OPENLOG+15485 MB+DS3231+BME280+PMSX003-B+PMSX003-A,81,44,57,1006.83,0.00,36424,0,835,6.09,9.07,10.28,6.09,9.07,10.28,38,38,1301.84,351.45,59.57,4.00,1.79,1.45,7.32,10.68,12.46,7.32,10.68,12.46,45,45,1414.74,399.09,62.60,5.96,2.42,2.14
2021/06/03T06:10:27z,10:52:1c:41:b0:6b,6.01,2.0+OPENLOG+15485 MB+DS3231+BME280+PMSX003-B+PMSX003-A,81,44,57,1006.95,0.00,36424,0,955,6.23,9.05,11.33,6.23,9.05,11.33,38,38,1265.50,350.50,67.57,4.17,2.87,2.87,7.25,10.61,12.30,7.25,10.61,12.30,44,44,1422.53,404.60,56.81,7.54,2.28,1.86
2021/06/03T06:12:27z,10:52:1c:41:b0:6b,6.01,2.0+OPENLOG+15485 MB+DS3231+BME280+PMSX003-B+PMSX003-A,81,44,57,1006.93,0.00,36424,0,1075,6.33,8.91,14.52,6.33,8.91,14.52,37,37,1293.72,352.34,66.86,10.03,8.38,3.45,7.36,10.50,12.10,7.36,10.50,12.10,44,44,1396.03,393.76,58.34,6.66,2.38,1.41
2021/06/03T06:14:27z,10:52:1c:41:b0:6b,6.01,2.0+OPENLOG+15485 MB+DS3231+BME280+PMSX003-B+PMSX003-A,81,44,57,1006.91,0.00,36424,0,1195,6.12,8.61,11.18,6.12,8.61,11.18,36,36,1313.95,359.16,54.21,6.36,3.43,2.79,7.51,10.78,12.15,7.51,10.78,12.15,45,45,1478.34,420.71,57.49,5.15,2.00,1.49
2021/06/03T06:16:24z,10:52:1c:41:b0:6b,6.01,2.0+OPENLOG+15485 MB+DS3231+BME280+PMSX003-B+PMSX003-A,81,44,57,1006.91,nan,36656,0,115,6.74,9.26,11.81,6.74,9.26,11.81,39,39,1308.21,358.53,61.28,5.35,3.07,3.07,7.49,10.54,14.12,7.49,10.54,14.12,44,44,1392.73,400.49,62.39,8.68,5.27,3.37
2021/06/03T06:18:24z,10:52:1c:41:b0:6b,6.01,2.0+OPENLOG+15485 MB+DS3231+BME280+PMSX003-B+PMSX003-A,81,44,57,1006.87,0.00,36424,0,235,6.16,9.65,11.56,6.16,9.65,11.56,40,40,1265.73,345.15,65.56,5.49,2.40,2.40,7.48,11.28,13.69,7.48,11.28,13.69,47,47,1468.76,417.03,69.34,8.10,3.31,2.45
2021/06/03T06:20:24z,10:52:1c:41:b0:6b,6.01,2.0+OPENLOG+15485 MB+DS3231+BME280+PMSX003-B+PMSX003-A,81,44,57,1006.89,0.00,36424,0,355,6.36,9.03,11.24,6.36,9.03,11.24,38,38,1257.57,354.41,55.78,7.48,2.97,2.59,7.48,10.09,12.41,7.48,10.09,12.41,42,42,1381.93,392.11,60.32,5.57,3.25,2.43
2021/06/03T06:22:24z,10:52:1c:41:b0:6b,6.01,2.0+OPENLOG+15485 MB+DS3231+BME280+PMSX003-B+PMSX003-A,81,44,57,1006.86,0.00,36424,0,475,6.95,9.85,11.24,6.95,9.85,11.24,41,41,1315.93,365.51,58.49,5.66,1.83,1.53,7.22,10.49,13.51,7.22,10.49,13.51,44,44,1345.53,378.15,64.47,7.89,4.25,3.13
2021/06/03T06:24:24z,10:52:1c:41:b0:6b,6.01,2.0+OPENLOG+15485 MB+DS3231+BME280+PMSX003-B+PMSX003-A,81,44,57,1006.91,0.00,36424,0,595,6.41,9.75,12.93,6.41,9.75,12.93,41,41,1284.64,351.80,61.12,9.86,4.96,1.71,7.37,10.44,12.51,7.37,10.44,12.51,44,44,1354.98,394.41,59.02,7.12,2.81,2.00
2021/06/03T06:26:24z,10:52:1c:41:b0:6b,6.01,2.0+OPENLOG+15485 MB+DS3231+BME280+PMSX003-B+PMSX003-A,81,44,57,1006.85,0.00,36392,0,715,6.68,9.93,16.45,6.68,9.93,16.45,41,41,1328.14,366.21,75.89,12.29,8.68,7.82,7.14,10.81,12.86,7.14,10.81,12.86,45,45,1381.34,391.86,63.90,7.21,2.97,2.59
2021/06/03T06:28:24z,10:52:1c:41:b0:6b,6.01,2.0+OPENLOG+15485 MB+DS3231+BME280+PMSX003-B+PMSX003-A,82,44,58,1006.79,0.00,36392,0,835,5.29,8.42,13.22,5.29,8.42,13.22,35,35,1225.83,329.32,71.81,10.34,6.44,5.02,6.58,10.40,13.02,6.58,10.40,13.02,43,43,1328.42,378.14,60.14,9.96,3.19,3.05
2021/06/03T06:30:24z,10:52:1c:41:b0:6b,6.01,2.0+OPENLOG+15485 MB+DS3231+BME280+PMSX003-B+PMSX003-A,82,44,58,1006.82,0.00,36392,0,955,6.54,8.85,11.07,6.54,8.85,11.07,37,37,1255.93,341.47,50.93,5.93,3.15,2.31,6.80,9.82,12.93,6.80,9.82,12.93,41,41,1360.80,385.75,62.00,7.35,4.29,3.09
2021/06/03T06:32:24z,10:52:1c:41:b0:6b,6.01,2.0+OPENLOG+15485 MB+DS3231+BME280+PMSX003-B+PMSX003-A,82,43,57,1006.75,0.00,36080,0,1075,5.91,7.74,8.68,5.91,7.74,8.68,32,32,1173.74,320.33,45.16,1.61,1.26,1.26,6.82,9.05,10.82,6.82,9.05,10.82,38,38,1313.68,376.77,52.91,3.89,2.39,1.96
2021/06/03T06:34:24z,10:52:1c:41:b0:6b,6.01,2.0+OPENLOG+15485 MB+DS3231+BME280+PMSX003-B+PMSX003-A,82,43,57,1006.72,0.00,36392,0,1195,5.95,8.29,10.23,5.95,8.29,10.23,35,35,1158.32,318.89,54.82,4.86,2.61,2.07,6.57,10.72,12.12,6.57,10.72,12.12,45,45,1337.28,384.55,61.59,8.97,1.79,1.79
2021/06/03T06:36:20z,10:52:1c:41:b0:6b,6.01,2.0+OPENLOG+15485 MB+DS3231+BME280+PMSX003-B+PMSX003-A,82,43,57,1006.70,nan,36656,0,115,6.31,9.05,12.21,6.31,9.05,12.21,38,38,1264.57,338.71,55.98,7.90,4.43,3.19,7.05,9.90,12.10,7.05,9.90,12.10,41,41,1326.46,386.46,65.49,5.18,3.08,0.97
2021/06/03T06:38:20z,10:52:1c:41:b0:6b,6.01,2.0+OPENLOG+15485 MB+DS3231+BME280+PMSX003-B+PMSX003-A,82,42,57,1006.73,0.00,36424,0,235,6.02,7.75,11.18,6.02,7.75,11.18,32,32,1223.52,328.59,50.05,5.57,5.29,1.75,7.33,10.00,11.02,7.33,10.00,11.02,42,42,1405.03,398.48,55.59,2.66,1.31,0.97
2021/06/03T06:40:20z,10:52:1c:41:b0:6b,6.01,2.0+OPENLOG+15485 MB+DS3231+BME280+PMSX003-B+PMSX003-A,82,42,57,1006.74,0.00,36424,0,355,6.53,8.56,10.37,6.53,8.56,10.37,36,36,1322.85,354.88,44.10,5.42,2.61,1.69,7.66,11.02,12.75,7.66,11.02,12.75,46,46,1504.07,429.50,63.82,5.29,2.25,2.25
2021/06/03T06:42:20z,10:52:1c:41:b0:6b,6.01,2.0+OPENLOG+15485 MB+DS3231+BME280+PMSX003-B+PMSX003-A,82,42,56,1006.74,0.00,36424,0,475,6.47,8.72,10.82,6.47,8.72,10.82,36,36,1301.10,352.58,61.60,3.37,2.87,1.90,7.29,11.09,12.76,7.29,11.09,12.76,46,46,1434.98,404.95,62.00,7.89,2.47,1.64
2021/06/03T06:44:20z,10:52:1c:41:b0:6b,6.01,2.0+OPENLOG+15485 MB+DS3231+BME280+PMSX003-B+PMSX003-A,83,41,57,1006.76,0.00,36424,0,595,6.11,8.28,9.42,6.11,8.28,9.42,35,35,1272.53,347.72,52.02,3.12,1.44,0.95,6.75,9.12,10.86,6.75,9.12,10.86,38,38,1280.64,372.24,56.47,4.14,2.44,1.66
2021/06/03T06:46:20z,10:52:1c:41:b0:6b,6.01,2.0+OPENLOG+15485 MB+DS3231+BME280+PMSX003-B+PMSX003-A,83,41,57,1006.80,0.00,36424,0,715,6.51,9.11,11.60,6.51,9.11,11.60,38,38,1277.51,351.64,56.33,6.80,3.09,3.09,7.10,9.78,10.53,7.10,9.78,10.53,41,41,1383.21,387.41,53.17,4.69,1.28,0.00
2021/06/03T06:48:20z,10:52:1c:41:b0:6b,6.01,2.0+OPENLOG+15485 MB+DS3231+BME280+PMSX003-B+PMSX003-A,83,41,57,1006.78,0.00,36424,0,835,5.91,9.26,12.79,5.91,9.26,12.79,39,39,1232.68,334.70,58.47,9.68,4.60,4.07,6.95,11.02,13.79,6.95,11.02,13.79,46,46,1374.72,385.62,62.86,10.83,3.83,3.34
2021/06/03T06:50:20z,10:52:1c:41:b0:6b,6.01,2.0+OPENLOG+15485 MB+DS3231+BME280+PMSX003-B+PMSX003-A,83,41,57,1006.78,0.00,36424,0,955,6.02,8.49,10.00,6.02,8.49,10.00,35,35,1262.64,338.29,49.37,3.53,2.03,1.53,6.26,8.89,10.46,6.26,8.89,10.46,37,37,1235.78,354.63,56.48,3.63,2.26,1.44
2021/06/03T06:52:20z,10:52:1c:41:b0:6b,6.01,2.0+OPENLOG+15485 MB+DS3231+BME280+PMSX003-B+PMSX003-A,83,41,56,1006.76,0.00,36424,0,1075,6.10,8.09,10.02,6.10,8.09,10.02,34,34,1185.93,319.95,51.24,3.31,2.62,2.62,6.33,9.34,12.28,6.33,9.34,12.28,39,39,1273.66,357.62,51.41,6.52,4.17,2.86
2021/06/03T06:54:20z,10:52:1c:41:b0:6b,6.01,2.0+OPENLOG+15485 MB+DS3231+BME280+PMSX003-B+PMSX003-A,83,40,56,1006.78,0.00,36424,0,1195,5.72,8.09,10.67,5.72,8.09,10.67,34,34,1166.68,308.39,50.77,7.16,3.40,3.19,6.32,9.59,10.68,6.32,9.59,10.68,40,40,1270.98,360.68,52.64,6.03,1.59,0.64
2021/06/03T06:56:16z,10:52:1c:41:b0:6b,6.01,2.0+OPENLOG+15485 MB+DS3231+BME280+PMSX003-B+PMSX003-A,83,39,56,1006.81,nan,36656,0,115,5.83,7.93,10.33,5.83,7.93,10.33,33,33,1211.21,329.81,48.83,4.05,3.00,2.81,6.90,9.61,11.17,6.90,9.61,11.17,40,40,1352.93,383.46,51.56,5.37,1.85,1.85
2021/06/03T06:58:16z,10:52:1c:41:b0:6b,6.01,2.0+OPENLOG+15485 MB+DS3231+BME280+PMSX003-B+PMSX003-A,84,39,56,1006.72,0.00,36424,0,235,5.60,7.64,10.04,5.60,7.64,10.04,32,32,1119.38,307.62,47.47,5.96,3.20,2.58,6.34,8.50,8.86,6.34,8.50,8.86,35,35,1220.28,349.86,48.10,3.00,0.48,0.48
2021/06/03T07:00:16z,10:52:1c:41:b0:6b,6.01,2.0+OPENLOG+15485 MB+DS3231+BME280+PMSX003-B+PMSX003-A,83,39,55,1006.73,0.00,36424,0,355,5.29,7.63,8.63,5.29,7.63,8.63,32,32,1138.02,306.59,47.36,4.58,1.53,0.51,6.09,8.66,10.46,6.09,8.66,10.46,36,36,1267.18,349.32,49.32,5.96,2.57,1.79
2021/06/03T07:02:16z,10:52:1c:41:b0:6b,6.01,2.0+OPENLOG+15485 MB+DS3231+BME280+PMSX003-B+PMSX003-A,84,39,56,1006.72,0.00,36424,0,475,5.57,8.43,10.27,5.57,8.43,10.27,35,35,1164.80,314.28,56.08,6.47,2.87,1.67,6.65,9.53,10.76,6.65,9.53,10.76,40,40,1336.80,371.96,52.00,4.29,1.93,0.98
2021/06/03T07:04:16z,10:52:1c:41:b0:6b,6.01,2.0+OPENLOG+15485 MB+DS3231+BME280+PMSX003-B+PMSX003-A,84,39,56,1006.50,0.00,36424,0,595,6.95,9.95,11.53,6.95,9.95,11.53,41,41,1378.42,369.19,62.35,5.26,2.21,1.65,7.57,10.52,10.81,7.57,10.52,10.81,44,44,1444.97,415.93,64.41,2.17,0.52,0.00
2021/06/03T07:06:16z,10:52:1c:41:b0:6b,6.01,2.0+OPENLOG+15485 MB+DS3231+BME280+PMSX003-B+PMSX003-A,84,39,56,1006.71,0.00,36424,0,715,6.35,9.58,10.65,6.35,9.58,10.65,40,40,1234.64,336.18,56.55,7.93,1.42,1.42,6.71,9.81,11.45,6.71,9.81,11.45,41,41,1334.90,382.24,54.83,6.00,2.28,1.45
2021/06/03T07:08:16z,10:52:1c:41:b0:6b,6.01,2.0+OPENLOG+15485 MB+DS3231+BME280+PMSX003-B+PMSX003-A,84,39,56,1006.77,0.00,36424,0,835,6.14,9.19,10.23,6.14,9.19,10.23,38,38,1272.11,342.11,62.00,4.88,1.40,1.05,7.04,10.67,12.09,7.04,10.67,12.09,44,44,1363.26,386.74,63.96,6.98,1.86,1.72
2021/06/03T07:10:16z,10:52:1c:41:b0:6b,6.01,2.0+OPENLOG+15485 MB+DS3231+BME280+PMSX003-B+PMSX003-A,84,39,56,1006.81,0.00,36424,0,955,6.68,9.10,11.53,6.68,9.10,11.53,38,38,1357.98,366.27,60.03,4.75,3.39,2.98,7.77,10.21,12.43,7.77,10.21,12.43,43,43,1480.71,414.36,55.04,5.00,3.14,2.07
2021/06/03T07:12:16z,10:52:1c:41:b0:6b,6.01,2.0+OPENLOG+15485 MB+DS3231+BME280+PMSX003-B+PMSX003-A,84,39,56,1006.75,0.00,36112,0,1075,7.75,11.46,14.61,7.75,11.46,14.61,48,48,1482.48,412.05,73.05,10.93,4.89,1.61,7.69,10.38,11.28,7.69,10.38,11.28,43,43,1432.24,416.69,62.62,2.55,1.41,0.38
2021/06/03T07:14:16z,10:52:1c:41:b0:6b,6.01,2.0+OPENLOG+15485 MB+DS3231+BME280+PMSX003-B+PMSX003-A,84,39,56,1006.72,0.00,36424,0,1195,7.36,10.09,10.84,7.36,10.09,10.84,42,42,1366.80,379.11,61.53,4.00,0.95,0.95,7.57,11.48,12.22,7.57,11.48,12.22,48,48,1509.80,421.07,66.03,5.87,1.07,0.50
2021/06/03T07:16:12z,10:52:1c:41:b0:6b,6.01,2.0+OPENLOG+15485 MB+DS3231+BME280+PMSX003-B+PMSX003-A,83,38,55,1005.73,nan,36656,0,116,6.35,9.40,12.05,6.35,9.40,12.05,39,39,1232.16,341.56,61.53,7.63,3.63,2.79,6.76,9.12,9.95,6.76,9.12,9.95,38,38,1300.10,367.46,53.22,1.07,1.07,0.49
2021/06/03T07:18:12z,10:52:1c:41:b0:6b,6.01,2.0+OPENLOG+15485 MB+DS3231+BME280+PMSX003-B+PMSX003-A,84,38,56,1006.84,0.00,36424,0,236,6.02,8.82,11.11,6.02,8.82,11.11,37,37,1217.24,331.76,56.29,7.89,3.38,1.67,7.08,10.24,11.93,7.08,10.24,11.93,43,43,1340.34,394.37,60.61,5.15,2.37,1.46
2021/06/03T07:20:12z,10:52:1c:41:b0:6b,6.01,2.0+OPENLOG+15485 MB+DS3231+BME280+PMSX003-B+PMSX003-A,84,38,56,1006.82,0.00,36424,0,356,6.14,8.43,9.97,6.14,8.43,9.97,35,35,1246.45,333.83,51.79,3.31,2.14,1.48,6.46,9.50,10.14,6.46,9.50,10.14,40,40,1269.21,358.50,49.39,4.57,1.00,0.54
2021/06/03T07:22:12z,10:52:1c:41:b0:6b,6.01,2.0+OPENLOG+15485 MB+DS3231+BME280+PMSX003-B+PMSX003-A,85,38,57,1006.85,0.00,36424,0,476,6.14,8.90,10.29,6.14,8.90,10.29,37,37,1263.00,349.61,49.66,5.42,1.86,1.25,7.31,9.74,11.87,7.31,9.74,11.87,41,41,1360.78,390.74,55.26,4.81,3.33,1.52
2021/06/03T07:24:12z,10:52:1c:41:b0:6b,6.01,2.0+OPENLOG+15485 MB+DS3231+BME280+PMSX003-B+PMSX003-A,82,38,54,1004.91,0.00,36424,0,596,8.19,11.45,13.34,8.19,11.45,13.34,48,48,1564.71,428.10,69.45,5.97,2.62,2.14,8.31,11.24,12.97,8.31,11.24,12.97,47,47,1565.07,437.93,66.24,3.90,2.48,1.62
2021/06/03T07:26:12z,10:52:1c:41:b0:6b,6.01,2.0+OPENLOG+15485 MB+DS3231+BME280+PMSX003-B+PMSX003-A,85,38,57,1006.84,0.00,36112,0,716,8.14,11.48,12.43,8.14,11.48,12.43,48,48,1637.84,444.50,73.11,5.32,1.14,1.14,10.40,14.31,15.60,10.40,14.31,15.60,56,56,1880.90,539.17,77.76,6.41,1.62,1.62
2021/06/03T07:28:12z,10:52:1c:41:b0:6b,6.01,2.0+OPENLOG+15485 MB+DS3231+BME280+PMSX003-B+PMSX003-A,85,39,57,1006.83,0.00,36424,0,836,8.31,11.50,13.74,8.31,11.50,13.74,48,48,1597.81,428.40,66.91,6.28,2.76,2.76,8.59,12.43,13.53,8.59,12.43,13.53,52,52,1666.76,466.28,69.66,7.24,1.41,1.41
2021/06/03T07:30:12z,10:52:1c:41:b0:6b,6.01,2.0+OPENLOG+15485 MB+DS3231+BME280+PMSX003-B+PMSX003-A,85,39,57,1006.84,0.00,36424,0,956,7.72,10.72,12.84,7.72,10.72,12.84,45,45,1541.79,412.74,63.71,4.55,2.48,2.48,8.20,11.39,12.86,8.20,11.39,12.86,47,47,1569.96,445.43,68.71,4.39,1.71,1.71
2021/06/03T07:32:12z,10:52:1c:41:b0:6b,6.01,2.0+OPENLOG+15485 MB+DS3231+BME280+PMSX003-B+PMSX003-A,85,38,57,1006.82,0.00,36424,0,1076,7.52,11.45,13.69,7.52,11.45,13.69,48,48,1508.79,415.12,79.90,7.14,2.79,2.79,9.26,12.98,13.98,9.26,12.98,13.98,53,53,1718.90,497.38,71.10,5.17,1.28,1.28
2021/06/03T07:34:12z,10:52:1c:41:b0:6b,6.01,2.0+OPENLOG+15485 MB+DS3231+BME280+PMSX003-B+PMSX003-A,85,38,57,1006.82,0.00,36424,0,1196,6.91,9.65,10.93,6.91,9.65,10.93,40,40,1448.68,376.95,57.00,4.32,1.82,1.30,8.69,12.53,13.69,8.69,12.53,13.69,52,52,1584.61,455.12,71.69,6.54,1.86,1.25
2021/06/03T07:36:08z,10:52:1c:41:b0:6b,6.01,2.0+OPENLOG+15485 MB+DS3231+BME280+PMSX003-B+PMSX003-A,85,38,57,1006.83,nan,36656,0,115,7.98,11.02,12.67,7.98,11.02,12.67,46,46,1517.57,420.60,72.07,5.24,2.24,1.71,9.05,13.00,14.88,9.05,13.00,14.88,53,53,1679.55,474.85,74.60,8.90,2.60,1.25
2021/06/03T07:38:08z,10:52:1c:41:b0:6b,6.01,2.0+OPENLOG+15485 MB+DS3231+BME280+PMSX003-B+PMSX003-A,85,38,57,1006.78,0.00,36504,0,235,7.84,11.11,14.64,7.84,11.11,14.64,46,46,1529.36,422.43,66.18,8.54,5.04,3.57,9.07,12.71,14.41,9.07,12.71,14.41,52,52,1655.07,482.59,66.62,6.93,2.17,1.76
2021/06/03T07:40:08z,10:52:1c:41:b0:6b,6.01,2.0+OPENLOG+15485 MB+DS3231+BME280+PMSX003-B+PMSX003-A,85,39,57,1006.76,0.00,36424,0,355,8.05,10.98,11.97,8.05,10.98,11.97,46,46,1559.00,427.18,60.03,3.33,1.53,0.33,9.11,12.39,14.16,9.11,12.39,14.16,52,52,1683.54,475.57,59.61,7.14,2.36,2.36
2021/06/03T07:42:08z,10:52:1c:41:b0:6b,6.01,2.0+OPENLOG+15485 MB+DS3231+BME280+PMSX003-B+PMSX003-A,85,38,57,1006.76,0.00,36424,0,475,7.42,10.07,12.20,7.42,10.07,12.20,42,42,1477.93,398.68,57.00,6.41,2.75,2.37,9.78,12.84,15.96,9.78,12.84,15.96,53,53,1744.80,495.78,72.69,6.58,3.85,3.02
2021/06/03T07:44:08z,10:52:1c:41:b0:6b,6.01,2.0+OPENLOG+15485 MB+DS3231+BME280+PMSX003-B+PMSX003-A,85,38,56,1006.77,0.00,36424,0,595,7.47,10.30,10.51,7.47,10.30,10.51,43,43,1505.84,390.74,64.74,2.21,0.28,0.28,8.90,12.14,14.74,8.90,12.14,14.74,51,51,1592.69,457.90,79.62,6.41,3.76,1.38
2021/06/03T07:46:08z,10:52:1c:41:b0:6b,6.01,2.0+OPENLOG+15485 MB+DS3231+BME280+PMSX003-B+PMSX003-A,85,38,56,1006.76,0.00,36424,0,715,7.45,9.75,12.33,7.45,9.75,12.33,41,41,1437.27,392.25,60.96,3.82,3.13,3.13,7.90,11.76,14.48,7.90,11.76,14.48,49,49,1473.00,424.83,72.00,9.72,3.93,2.21
2021/06/03T07:48:08z,10:52:1c:41:b0:6b,6.01,2.0+OPENLOG+15485 MB+DS3231+BME280+PMSX003-B+PMSX003-A,86,38,57,1006.76,0.00,36424,0,835,8.12,11.21,15.07,8.12,11.21,15.07,47,47,1509.62,417.47,72.95,10.83,5.24,3.52,8.11,12.47,13.79,8.11,12.47,13.79,52,52,1613.26,459.33,72.95,6.28,1.96,0.77
2021/06/03T07:50:08z,10:52:1c:41:b0:6b,6.01,2.0+OPENLOG+15485 MB+DS3231+BME280+PMSX003-B+PMSX003-A,85,38,56,1006.75,0.00,36424,0,955,7.22,11.20,18.69,7.22,11.20,18.69,47,47,1452.46,405.20,83.42,15.97,11.32,3.80,9.13,14.15,16.47,9.13,14.15,16.47,55,55,1700.07,482.76,79.38,11.93,2.98,2.58
2021/06/03T07:52:08z,10:52:1c:41:b0:6b,6.01,2.0+OPENLOG+15485 MB+DS3231+BME280+PMSX003-B+PMSX003-A,86,38,57,1006.71,0.00,36112,0,1075,6.95,10.03,15.78,6.95,10.03,15.78,42,42,1446.46,386.39,67.90,11.32,8.20,5.63,8.35,12.07,14.54,8.35,12.07,14.54,50,50,1587.05,441.82,71.12,7.61,3.40,2.39
2021/06/03T07:54:08z,10:52:1c:41:b0:6b,6.01,2.0+OPENLOG+15485 MB+DS3231+BME280+PMSX003-B+PMSX003-A,86,38,57,1006.69,0.00,36424,0,1195,6.45,9.93,13.84,6.45,9.93,13.84,41,41,1402.88,384.32,68.88,9.75,5.75,2.82,8.53,11.95,13.59,8.53,11.95,13.59,50,50,1546.34,443.72,69.38,5.52,2.38,1.28
2021/06/03T07:56:05z,10:52:1c:41:b0:6b,6.01,2.0+OPENLOG+15485 MB+DS3231+BME280+PMSX003-B+PMSX003-A,86,38,57,1006.69,nan,36344,0,115,7.02,10.67,14.67,7.02,10.67,14.67,44,44,1441.33,394.33,70.44,11.56,5.95,2.93,8.34,11.00,13.27,8.34,11.00,13.27,46,46,1598.05,457.76,60.83,5.66,3.02,2.73
2021/06/03T07:58:05z,10:52:1c:41:b0:6b,6.01,2.0+OPENLOG+15485 MB+DS3231+BME280+PMSX003-B+PMSX003-A,86,38,57,1006.70,0.00,36424,0,235,7.54,12.11,17.39,7.54,12.11,17.39,51,51,1525.93,412.54,77.62,15.93,7.25,5.21,7.97,11.63,15.03,7.97,11.63,15.03,48,48,1578.41,447.93,72.17,8.14,4.71,3.80
2021/06/03T08:00:05z,10:52:1c:41:b0:6b,6.01,2.0+OPENLOG+15485 MB+DS3231+BME280+PMSX003-B+PMSX003-A,86,36,56,1006.74,0.00,36392,0,355,7.34,10.24,12.86,7.34,10.24,12.86,43,43,1464.71,401.31,70.07,5.19,3.56,2.95,9.26,13.30,16.63,9.26,13.30,16.63,54,54,1732.95,499.65,73.86,10.07,4.56,2.74
2021/06/03T08:02:05z,10:52:1c:41:b0:6b,6.01,2.0+OPENLOG+15485 MB+DS3231+BME280+PMSX003-B+PMSX003-A,86,36,56,1006.71,0.00,36392,0,475,7.42,10.58,13.42,7.42,10.58,13.42,44,44,1487.49,402.95,69.58,8.68,4.54,0.58,8.88,13.12,13.70,8.88,13.12,13.70,53,53,1693.50,489.54,62.61,8.11,0.82,0.00
2021/06/03T08:04:05z,10:52:1c:41:b0:6b,6.01,2.0+OPENLOG+15485 MB+DS3231+BME280+PMSX003-B+PMSX003-A,86,37,56,1006.76,0.00,36392,0,595,6.96,10.16,14.67,6.96,10.16,14.67,42,42,1397.26,380.79,69.95,11.44,6.95,2.07,8.41,11.52,13.52,8.41,11.52,13.52,48,48,1579.55,452.66,61.14,6.62,2.52,1.72
2021/06/03T08:06:05z,10:52:1c:41:b0:6b,6.01,2.0+OPENLOG+15485 MB+DS3231+BME280+PMSX003-B+PMSX003-A,86,37,56,1006.75,0.00,36392,0,715,6.57,8.66,11.12,6.57,8.66,11.12,36,36,1298.25,351.48,55.45,5.39,3.71,1.57,7.88,11.45,12.46,7.88,11.45,12.46,48,48,1476.86,427.75,64.39,6.89,1.64,0.79
2021/06/03T08:08:05z,10:52:1c:41:b0:6b,6.01,2.0+OPENLOG+15485 MB+DS3231+BME280+PMSX003-B+PMSX003-A,87,36,57,1006.68,0.00,36392,0,835,6.91,10.21,12.32,6.91,10.21,12.32,43,43,1430.79,400.54,71.02,5.02,2.77,2.35,7.70,10.65,12.77,7.70,10.65,12.77,44,44,1434.95,417.65,63.54,4.88,2.84,2.04
2021/06/03T08:10:05z,10:52:1c:41:b0:6b,6.01,2.0+OPENLOG+15485 MB+DS3231+BME280+PMSX003-B+PMSX003-A,87,36,57,1006.74,0.00,36392,0,955,7.56,11.05,13.98,7.56,11.05,13.98,46,46,1509.61,418.97,73.97,8.20,4.61,1.36,8.45,11.78,13.69,8.45,11.78,13.69,49,49,1613.67,469.38,63.85,5.42,2.58,1.93
2021/06/03T08:12:05z,10:52:1c:41:b0:6b,6.01,2.0+OPENLOG+15485 MB+DS3231+BME280+PMSX003-B+PMSX003-A,87,36,57,1006.68,0.00,36392,0,1075,7.59,10.18,16.21,7.59,10.18,16.21,42,42,1484.41,409.29,69.95,11.86,9.64,2.25,8.60,11.90,13.00,8.60,11.90,13.00,50,50,1621.97,455.17,70.59,3.83,1.41,1.00
2021/06/03T08:14:05z,10:52:1c:41:b0:6b,6.01,2.0+OPENLOG+15485 MB+DS3231+BME280+PMSX003-B+PMSX003-A,87,37,57,1006.76,0.00,36392,0,1195,6.62,9.30,10.86,6.62,9.30,10.86,39,39,1438.88,391.64,51.95,6.11,2.46,0.79,8.02,11.52,14.26,8.02,11.52,14.26,48,48,1543.24,441.93,68.66,6.69,3.55,2.72
2021/06/03T08:16:01z,10:52:1c:41:b0:6b,6.01,2.0+OPENLOG+15485 MB+DS3231+BME280+PMSX003-B+PMSX003-A,87,36,57,1006.75,nan,36656,0,115,6.12,8.88,10.81,6.12,8.88,10.81,37,37,1294.50,341.31,55.33,6.19,2.43,2.43,9.08,12.46,14.97,9.08,12.46,14.97,52,52,1641.69,473.49,66.56,10.67,3.69,1.74
2021/06/03T08:18:01z,10:52:1c:41:b0:6b,6.01,2.0+OPENLOG+15485 MB+DS3231+BME280+PMSX003-B+PMSX003-A,87,36,57,1006.69,0.00,36424,0,235,7.56,10.16,11.24,7.56,10.16,11.24,42,42,1428.38,389.58,60.65,4.84,1.64,1.13,7.76,10.61,12.73,7.76,10.61,12.73,44,44,1480.58,413.53,58.24,5.05,2.88,2.00
2021/06/03T08:20:01z,10:52:1c:41:b0:6b,6.01,2.0+OPENLOG+15485 MB+DS3231+BME280+PMSX003-B+PMSX003-A,87,37,57,1006.69,0.00,36424,0,355,6.71,10.14,13.59,6.71,10.14,13.59,42,42,1415.03,378.42,64.53,8.75,4.71,4.00,7.52,10.64,12.54,7.52,10.64,12.54,44,44,1490.25,422.07,57.86,5.11,2.57,2.07
2021/06/03T08:22:01z,10:52:1c:41:b0:6b,6.01,2.0+OPENLOG+15485 MB+DS3231+BME280+PMSX003-B+PMSX003-A,87,37,57,1006.67,0.00,36424,0,475,6.59,9.19,10.83,6.59,9.19,10.83,38,38,1336.53,358.41,51.56,5.15,2.41,0.88,7.71,11.09,12.84,7.71,11.09,12.84,46,46,1507.85,422.76,66.91,5.45,2.76,1.20
2021/06/03T08:24:01z,10:52:1c:41:b0:6b,6.01,2.0+OPENLOG+15485 MB+DS3231+BME280+PMSX003-B+PMSX003-A,87,36,57,1006.66,0.00,36424,0,595,7.38,10.36,11.72,7.38,10.36,11.72,43,43,1453.03,393.83,63.09,5.48,1.93,1.59,8.09,11.52,13.07,8.09,11.52,13.07,48,48,1502.90,432.97,72.31,5.28,2.52,1.45
2021/06/03T08:26:01z,10:52:1c:41:b0:6b,6.01,2.0+OPENLOG+15485 MB+DS3231+BME280+PMSX003-B+PMSX003-A,87,36,57,1006.58,0.00,36424,0,715,7.38,10.29,12.21,7.38,10.29,12.21,43,43,1516.23,407.48,66.71,5.07,2.43,1.96,7.72,11.60,13.74,7.72,11.60,13.74,48,48,1471.58,415.47,65.23,8.60,2.81,2.81
2021/06/03T08:28:01z,10:52:1c:41:b0:6b,6.01,2.0+OPENLOG+15485 MB+DS3231+BME280+PMSX003-B+PMSX003-A,87,36,57,1006.56,0.00,36392,0,835,8.10,10.84,11.93,8.10,10.84,11.93,45,45,1547.38,418.60,60.84,4.10,1.48,1.48,9.34,13.43,14.74,9.34,13.43,14.74,54,54,1667.69,482.79,68.79,8.24,1.69,1.14
2021/06/03T08:30:01z,10:52:1c:41:b0:6b,6.01,2.0+OPENLOG+15485 MB+DS3231+BME280+PMSX003-B+PMSX003-A,87,36,57,1006.57,0.00,36392,0,955,8.07,10.90,12.67,8.07,10.90,12.67,45,45,1529.12,418.02,68.00,5.28,2.38,1.72,9.07,12.09,13.71,9.07,12.09,13.71,50,50,1675.71,478.21,60.18,5.54,2.39,1.04
2021/06/03T08:32:01z,10:52:1c:41:b0:6b,6.01,2.0+OPENLOG+15485 MB+DS3231+BME280+PMSX003-B+PMSX003-A,87,36,56,1006.55,0.00,34832,0,1075,8.30,11.89,14.88,8.30,11.89,14.88,50,50,1552.00,434.54,75.14,8.11,4.21,2.95,8.16,11.47,13.42,8.16,11.47,13.42,48,48,1626.63,456.28,66.28,6.11,2.74,2.21
2021/06/03T08:34:01z,10:52:1c:41:b0:6b,6.01,2.0+OPENLOG+15485 MB+DS3231+BME280+PMSX003-B+PMSX003-A,87,35,56,1006.56,0.00,36392,0,1195,8.20,11.00,13.11,8.20,11.00,13.11,46,46,1553.56,423.07,69.73,4.95,2.80,1.85,9.02,12.19,15.15,9.02,12.19,15.15,51,51,1705.73,482.20,70.31,6.00,4.17,2.98
2021/06/03T08:35:58z,10:52:1c:41:b0:6b,6.01,2.0+OPENLOG+15485 MB+DS3231+BME280+PMSX003-B+PMSX003-A,87,36,56,1006.52,nan,36656,0,116,8.52,11.79,14.69,8.52,11.79,14.69,49,49,1607.86,432.60,80.67,6.67,3.71,3.71,8.90,12.10,13.95,8.90,12.10,13.95,50,50,1632.88,463.07,64.44,4.93,2.78,1.27
2021/06/03T08:37:58z,10:52:1c:41:b0:6b,6.01,2.0+OPENLOG+15485 MB+DS3231+BME280+PMSX003-B+PMSX003-A,87,35,56,1006.50,0.00,36424,0,236,7.53,10.84,12.27,7.53,10.84,12.27,45,45,1555.42,411.56,60.58,6.22,1.89,1.89,9.14,12.53,14.54,9.14,12.53,14.54,52,52,1652.85,474.17,68.98,6.17,2.92,1.63
2021/06/03T08:39:58z,10:52:1c:41:b0:6b,6.01,2.0+OPENLOG+15485 MB+DS3231+BME280+PMSX003-B+PMSX003-A,88,35,57,1006.54,0.00,36424,0,356,7.97,11.32,12.53,7.97,11.32,12.53,47,47,1576.88,416.15,73.92,3.93,1.69,1.29,9.40,12.56,13.82,9.40,12.56,13.82,52,52,1718.42,488.53,68.18,4.46,1.82,1.09
2021/06/03T08:41:58z,10:52:1c:41:b0:6b,6.01,2.0+OPENLOG+15485 MB+DS3231+BME280+PMSX003-B+PMSX003-A,88,35,57,1006.46,0.00,36240,0,476,7.81,11.31,14.39,7.81,11.31,14.39,47,47,1564.12,423.00,79.80,6.81,4.27,3.80,8.14,11.96,12.21,8.14,11.96,12.21,50,50,1548.86,438.86,64.11,5.50,0.39,0.14
2021/06/03T08:43:58z,10:52:1c:41:b0:6b,6.01,2.0+OPENLOG+15485 MB+DS3231+BME280+PMSX003-B+PMSX003-A,88,35,57,1006.51,0.00,36424,0,596,7.83,10.93,12.20,7.83,10.93,12.20,46,46,1498.88,416.78,63.92,3.93,1.66,1.19,9.36,13.10,15.02,9.36,13.10,15.02,53,53,1745.59,498.03,67.45,6.48,2.66,1.62
2021/06/03T08:45:58z,10:52:1c:41:b0:6b,6.01,2.0+OPENLOG+15485 MB+DS3231+BME280+PMSX003-B+PMSX003-A,88,34,56,1006.45,0.00,36112,0,716,8.21,11.21,12.65,8.21,11.21,12.65,47,47,1580.32,419.56,71.18,4.14,1.93,1.89,9.26,13.09,14.67,9.26,13.09,14.67,53,53,1659.93,491.17,75.62,4.52,2.48,1.83
2021/06/03T08:47:58z,10:52:1c:41:b0:6b,6.01,2.0+OPENLOG+15485 MB+DS3231+BME280+PMSX003-B+PMSX003-A,88,34,56,1006.49,0.00,36424,0,836,8.24,11.21,12.71,8.24,11.21,12.71,47,47,1670.59,439.88,71.67,4.14,1.83,1.38,9.98,13.98,15.57,9.98,13.98,15.57,55,55,1820.69,526.34,70.31,7.79,2.17,1.41
2021/06/03T08:49:58z,10:52:1c:41:b0:6b,6.01,2.0+OPENLOG+15485 MB+DS3231+BME280+PMSX003-B+PMSX003-A,88,34,56,1006.48,0.00,36424,0,956,7.66,10.46,12.93,7.66,10.46,12.93,44,44,1489.98,411.85,71.19,5.86,3.29,3.29,8.05,12.34,13.05,8.05,12.34,13.05,52,52,1570.18,446.89,76.32,5.25,0.82,0.82
2021/06/03T08:51:58z,10:52:1c:41:b0:6b,6.01,2.0+OPENLOG+15485 MB+DS3231+BME280+PMSX003-B+PMSX003-A,88,35,57,1006.48,0.00,36424,0,1076,7.74,10.40,12.72,7.74,10.40,12.72,43,43,1440.67,399.74,66.97,4.17,3.03,3.03,8.51,11.44,12.79,8.51,11.44,12.79,48,48,1594.63,458.25,66.56,4.32,2.07,1.05
2021/06/03T08:53:58z,10:52:1c:41:b0:6b,6.01,2.0+OPENLOG+15485 MB+DS3231+BME280+PMSX003-B+PMSX003-A,88,37,58,1006.45,0.00,36424,0,1196,5.96,8.75,11.11,5.96,8.75,11.11,36,36,1241.13,340.87,61.07,4.25,2.98,2.98,7.58,10.53,11.12,7.58,10.53,11.12,44,44,1393.42,407.63,57.63,4.58,0.85,0.47
2021/06/03T08:55:54z,10:52:1c:41:b0:6b,6.01,2.0+OPENLOG+15485 MB+DS3231+BME280+PMSX003-B+PMSX003-A,87,37,58,1006.47,nan,36656,0,116,5.67,7.71,9.76,5.67,7.71,9.76,32,32,1165.50,314.38,48.62,5.10,2.48,2.48,6.33,8.85,11.31,6.33,8.85,11.31,37,37,1288.00,353.33,56.21,6.15,3.13,2.41
2021/06/03T08:57:54z,10:52:1c:41:b0:6b,6.01,2.0+OPENLOG+15485 MB+DS3231+BME280+PMSX003-B+PMSX003-A,87,37,58,1006.47,0.00,36568,0,236,6.70,9.20,13.25,6.70,9.20,13.25,38,38,1415.84,370.84,60.79,8.18,6.11,2.14,7.65,10.88,12.18,7.65,10.88,12.18,45,45,1520.20,432.43,58.60,4.67,1.63,1.43
2021/06/03T08:59:54z,10:52:1c:41:b0:6b,6.01,2.0+OPENLOG+15485 MB+DS3231+BME280+PMSX003-B+PMSX003-A,87,37,58,1006.47,0.00,36256,0,356,5.90,8.30,11.78,5.90,8.30,11.78,35,35,1228.20,332.08,58.60,7.83,5.47,2.20,7.34,10.30,11.98,7.34,10.30,11.98,43,43,1373.25,398.29,57.71,5.29,2.36,1.68
2021/06/03T09:01:54z,10:52:1c:41:b0:6b,6.01,2.0+OPENLOG+15485 MB+DS3231+BME280+PMSX003-B+PMSX003-A,88,37,59,1006.44,0.00,36568,0,476,6.75,8.95,10.66,6.75,8.95,10.66,37,37,1296.10,355.88,52.39,4.37,2.24,2.24,6.84,9.54,11.73,6.84,9.54,11.73,40,40,1317.75,385.93,54.86,5.50,3.29,1.82
2021/06/03T09:03:54z,10:52:1c:41:b0:6b,6.01,2.0+OPENLOG+15485 MB+DS3231+BME280+PMSX003-B+PMSX003-A,88,37,58,1006.45,0.00,36424,0,596,6.52,9.36,11.43,6.52,9.36,11.43,39,39,1263.78,351.74,57.28,6.17,2.72,2.38,6.85,9.71,11.03,6.85,9.71,11.03,40,40,1293.56,374.64,55.56,5.25,1.63,1.63
2021/06/03T09:05:54z,10:52:1c:41:b0:6b,6.01,2.0+OPENLOG+15485 MB+DS3231+BME280+PMSX003-B+PMSX003-A,88,38,59,1006.45,0.00,36424,0,716,5.38,7.98,11.84,5.38,7.98,11.84,33,33,1141.85,309.96,56.62,8.87,5.42,4.11,6.69,9.24,12.10,6.69,9.24,12.10,38,38,1231.63,362.00,60.58,7.02,4.10,2.64
2021/06/03T09:07:54z,10:52:1c:41:b0:6b,6.01,2.0+OPENLOG+15485 MB+DS3231+BME280+PMSX003-B+PMSX003-A,87,38,58,1006.45,0.00,36424,0,836,5.57,8.21,10.48,5.57,8.21,10.48,34,34,1121.95,307.66,55.66,5.66,3.21,2.14,6.47,9.56,10.86,6.47,9.56,10.86,40,40,1252.53,353.16,56.95,6.60,1.65,1.26
2021/06/03T09:09:54z,10:52:1c:41:b0:6b,6.01,2.0+OPENLOG+15485 MB+DS3231+BME280+PMSX003-B+PMSX003-A,87,38,58,1006.40,0.00,36424,0,956,5.37,7.73,11.32,5.37,7.73,11.32,32,32,1148.70,306.47,50.00,7.20,5.10,2.90,5.95,9.11,10.27,5.95,9.11,10.27,38,38,1192.36,340.95,61.42,4.11,1.53,1.02
2021/06/03T09:11:54z,10:52:1c:41:b0:6b,6.01,2.0+OPENLOG+15485 MB+DS3231+BME280+PMSX003-B+PMSX003-A,88,38,59,1006.39,0.00,36424,0,1076,5.72,8.21,11.24,5.72,8.21,11.24,34,34,1219.60,325.28,55.95,7.24,4.28,3.31,6.19,9.40,13.04,6.19,9.40,13.04,39,39,1301.89,366.74,53.05,9.30,4.84,3.82
2021/06/03T09:13:54z,10:52:1c:41:b0:6b,6.01,2.0+OPENLOG+15485 MB+DS3231+BME280+PMSX003-B+PMSX003-A,87,38,58,1006.41,0.00,36424,0,1196,5.82,8.61,11.30,5.82,8.61,11.30,36,36,1199.05,317.51,63.46,7.40,3.68,2.74,6.40,9.14,11.10,6.40,9.14,11.10,38,38,1220.28,350.62,57.14,4.52,2.59,2.24
2021/06/03T09:15:50z,10:52:1c:41:b0:6b,6.01,2.0+OPENLOG+15485 MB+DS3231+BME280+PMSX003-B+PMSX003-A,87,38,58,1006.42,nan,36344,0,115,6.33,8.90,11.86,6.33,8.90,11.86,37,37,1243.79,349.43,57.62,5.00,3.62,3.62,7.12,9.98,12.85,7.12,9.98,12.85,42,42,1333.65,384.45,63.10,7.50,4.15,2.25
2021/06/03T09:17:50z,10:52:1c:41:b0:6b,6.01,2.0+OPENLOG+15485 MB+DS3231+BME280+PMSX003-B+PMSX003-A,88,38,59,1006.38,0.00,36424,0,235,6.39,9.26,13.22,6.39,9.26,13.22,39,39,1291.00,355.81,61.26,8.85,6.00,1.67,6.31,8.56,9.03,6.31,8.56,9.03,36,36,1205.80,344.88,43.76,2.17,0.75,0.27
2021/06/03T09:19:50z,10:52:1c:41:b0:6b,6.01,2.0+OPENLOG+15485 MB+DS3231+BME280+PMSX003-B+PMSX003-A,87,38,58,1006.32,0.00,35800,0,355,5.51,8.14,10.86,5.51,8.14,10.86,34,34,1163.85,314.44,54.08,6.85,3.86,2.68,7.60,12.35,15.02,7.60,12.35,15.02,52,52,1469.40,431.69,70.80,14.40,3.49,2.65
2021/06/03T09:21:50z,10:52:1c:41:b0:6b,6.01,2.0+OPENLOG+15485 MB+DS3231+BME280+PMSX003-B+PMSX003-A,87,39,59,1006.40,0.00,36424,0,475,5.52,7.86,10.57,5.52,7.86,10.57,33,33,1105.81,303.95,48.93,6.55,3.93,2.52,6.20,10.16,11.73,6.20,10.16,11.73,42,42,1293.27,372.23,58.11,10.00,1.86,1.21
2021/06/03T09:23:50z,10:52:1c:41:b0:6b,6.01,2.0+OPENLOG+15485 MB+DS3231+BME280+PMSX003-B+PMSX003-A,87,38,58,1006.36,0.00,36424,0,595,4.98,7.17,9.93,4.98,7.17,9.93,30,30,1046.53,283.41,40.72,7.52,4.14,1.55,5.72,9.61,11.28,5.72,9.61,11.28,40,40,1142.95,335.96,62.28,9.96,2.28,1.79
2021/06/03T09:25:50z,10:52:1c:41:b0:6b,6.01,2.0+OPENLOG+15485 MB+DS3231+BME280+PMSX003-B+PMSX003-A,87,38,58,1006.12,0.00,36424,0,715,5.34,8.88,12.52,5.34,8.88,12.52,37,37,1203.11,330.89,68.57,9.68,5.07,4.32,7.59,10.78,12.27,7.59,10.78,12.27,45,45,1421.59,413.56,67.69,6.10,2.31,0.85
2021/06/03T09:27:50z,10:52:1c:41:b0:6b,6.01,2.0+OPENLOG+15485 MB+DS3231+BME280+PMSX003-B+PMSX003-A,87,38,58,1006.40,0.00,36392,0,835,5.85,8.20,11.88,5.85,8.20,11.88,34,34,1198.65,331.32,59.87,6.70,4.93,4.57,7.72,11.88,14.64,7.72,11.88,14.64,49,49,1503.00,435.31,68.24,10.31,3.86,2.86
2021/06/03T09:29:50z,10:52:1c:41:b0:6b,6.01,2.0+OPENLOG+15485 MB+DS3231+BME280+PMSX003-B+PMSX003-A,87,38,58,1006.44,0.00,36392,0,955,5.38,7.98,12.36,5.38,7.98,12.36,33,33,1101.67,298.45,59.26,9.31,5.90,4.93,6.96,10.30,14.76,6.96,10.30,14.76,43,43,1305.67,377.07,61.63,12.07,6.19,3.48
2021/06/03T09:31:50z,10:52:1c:41:b0:6b,6.01,2.0+OPENLOG+15485 MB+DS3231+BME280+PMSX003-B+PMSX003-A,87,38,58,1006.50,0.00,36392,0,1075,5.44,7.47,10.51,5.44,7.47,10.51,31,31,1111.58,300.81,47.96,6.14,4.04,4.04,6.22,8.53,10.40,6.22,8.53,10.40,36,36,1231.34,347.72,47.21,5.21,2.59,1.52
2021/06/03T09:33:50z,10:52:1c:41:b0:6b,6.01,2.0+OPENLOG+15485 MB+DS3231+BME280+PMSX003-B+PMSX003-A,86,39,58,1006.10,0.00,36080,0,1195,5.18,7.73,9.80,5.18,7.73,9.80,32,32,1033.82,285.02,54.77,4.39,2.89,1.93,5.33,8.40,9.65,5.33,8.40,9.65,35,35,1099.37,325.86,46.60,7.26,1.58,0.46
2021/06/03T09:35:46z,10:52:1c:41:b0:6b,6.01,2.0+OPENLOG+15485 MB+DS3231+BME280+PMSX003-B+PMSX003-A,87,38,58,1006.46,nan,36656,0,115,6.02,9.05,10.71,6.02,9.05,10.71,38,38,1237.93,340.10,56.81,5.57,2.43,1.71,6.75,10.45,11.52,6.75,10.45,11.52,44,44,1343.70,376.50,60.80,5.95,1.90,0.50
2021/06/03T09:37:46z,10:52:1c:41:b0:6b,6.01,2.0+OPENLOG+15485 MB+DS3231+BME280+PMSX003-B+PMSX003-A,87,38,58,1006.42,0.00,36424,0,235,5.73,7.82,9.61,5.73,7.82,9.61,33,33,1141.82,313.80,52.70,3.57,2.46,1.86,6.53,9.10,11.00,6.53,9.10,11.00,38,38,1267.73,351.63,49.56,4.92,2.75,1.76
2021/06/03T09:39:46z,10:52:1c:41:b0:6b,6.01,2.0+OPENLOG+15485 MB+DS3231+BME280+PMSX003-B+PMSX003-A,87,39,59,1006.33,0.00,36424,0,355,5.70,7.93,8.53,5.70,7.93,8.53,33,33,1169.40,318.95,52.27,2.60,0.93,0.43,6.29,10.83,13.66,6.29,10.83,13.66,45,45,1268.79,362.86,67.31,13.69,3.79,2.90
2021/06/03T09:41:46z,10:52:1c:41:b0:6b,6.01,2.0+OPENLOG+15485 MB+DS3231+BME280+PMSX003-B+PMSX003-A,87,39,59,1006.42,0.00,36424,0,475,5.80,8.61,10.10,5.80,8.61,10.10,36,36,1218.92,334.14,57.27,5.15,2.17,1.59,7.49,10.86,12.46,7.49,10.86,12.46,45,45,1455.26,429.58,52.35,8.81,2.04,1.68
2021/06/03T09:43:46z,10:52:1c:41:b0:6b,6.01,2.0+OPENLOG+15485 MB+DS3231+BME280+PMSX003-B+PMSX003-A,87,39,59,1006.44,0.00,36424,0,595,5.90,8.36,10.05,5.90,8.36,10.05,35,35,1234.24,325.59,57.47,5.03,2.24,1.62,6.72,9.61,11.86,6.72,9.61,11.86,40,40,1302.11,369.44,54.14,7.23,3.44,1.68
2021/06/03T09:45:46z,10:52:1c:41:b0:6b,6.01,2.0+OPENLOG+15485 MB+DS3231+BME280+PMSX003-B+PMSX003-A,87,38,58,1006.46,0.00,36424,0,715,5.70,8.55,9.86,5.70,8.55,9.86,36,36,1185.54,322.45,52.11,5.18,1.61,1.61,7.18,11.07,12.33,7.18,11.07,12.33,46,46,1411.58,396.77,60.60,6.18,2.00,1.33
2021/06/03T09:47:46z,10:52:1c:41:b0:6b,6.01,2.0+OPENLOG+15485 MB+DS3231+BME280+PMSX003-B+PMSX003-A,87,38,58,1006.42,0.00,36424,0,835,6.04,8.72,9.00,6.04,8.72,9.00,36,36,1262.32,338.07,50.11,2.67,0.46,0.35,6.72,9.81,11.14,6.72,9.81,11.14,41,41,1284.32,364.11,55.51,6.35,1.89,0.98
2021/06/03T09:49:46z,10:52:1c:41:b0:6b,6.01,2.0+OPENLOG+15485 MB+DS3231+BME280+PMSX003-B+PMSX003-A,87,38,59,1006.52,0.00,36424,0,955,5.36,8.12,12.92,5.36,8.12,12.92,34,34,1188.92,323.31,55.41,9.93,7.25,3.49,6.16,9.46,11.89,6.16,9.46,11.89,39,39,1227.00,357.82,63.21,9.07,3.25,1.79
2021/06/03T09:51:46z,10:52:1c:41:b0:6b,6.01,2.0+OPENLOG+15485 MB+DS3231+BME280+PMSX003-B+PMSX003-A,87,39,59,1006.49,0.00,36424,0,1075,5.79,8.86,11.61,5.79,8.86,11.61,37,37,1243.95,334.37,61.11,6.60,3.65,3.30,6.98,9.98,12.02,6.98,9.98,12.02,42,42,1352.95,383.61,60.04,5.09,2.74,2.11
2021/06/03T09:53:46z,10:52:1c:41:b0:6b,6.01,2.0+OPENLOG+15485 MB+DS3231+BME280+PMSX003-B+PMSX003-A,87,38,59,1006.45,0.00,36424,0,1195,6.13,9.16,10.45,6.13,9.16,10.45,38,38,1208.95,333.18,59.84,4.55,1.85,1.45,7.20,10.25,12.37,7.20,10.25,12.37,43,43,1377.36,395.56,64.27,6.34,3.12,1.56
2021/06/03T09:55:42z,10:52:1c:41:b0:6b,6.01,2.0+OPENLOG+15485 MB+DS3231+BME280+PMSX003-B+PMSX003-A,88,38,59,1006.45,nan,36656,0,116,5.93,7.98,9.95,5.93,7.98,9.95,33,33,1186.21,324.71,44.60,4.43,2.95,2.29,7.12,10.40,10.80,7.12,10.40,10.80,43,43,1419.75,413.85,55.55,5.40,0.50,0.30
2021/06/03T09:57:42z,10:52:1c:41:b0:6b,6.01,2.0+OPENLOG+15485 MB+DS3231+BME280+PMSX003-B+PMSX003-A,87,39,59,1006.49,0.00,36504,0,236,5.49,7.95,10.09,5.49,7.95,10.09,33,33,1140.55,311.95,57.13,5.45,2.95,2.51,5.62,7.62,8.88,5.62,7.62,8.88,32,32,1092.93,302.38,42.97,4.10,2.03,0.86